id,product_name,skin_type
1,The Ordinary Natural Moisturising Factors + HA 30ml,uscat
2,CeraVe Facial Moisturising Lotion SPF 25 52ml,"acneic, gras, uscat"
3,The Ordinary Hyaluronic Acid 2% + B5 Hydration Support Formula 30ml,uscat
4,AMELIORATE Transforming Body Lotion 200ml,"acneic, gras, uscat"
5,CeraVe Moisturising Cream 454g,uscat
7,CeraVe Facial Moisturising Lotion No SPF 52ml,"acneic, gras, uscat"
8,The Ordinary Natural Moisturizing Factors + HA 100ml,uscat
9,CeraVe Smoothing Cream 177ml,"acneic, gras, uscat"
10,Clinique Moisture Surge 72 Hour Moisturiser 75ml,uscat
13,First Aid Beauty Ultra Repair Cream (56.7g),uscat
14,Avène Antirougeurs Jour Redness Relief Moisturizing Protecting Cream (40ml),uscat
15,Clinique Dramatically Different Moisturising Lotion+ 125ml with Pump,uscat
16,First Aid Beauty Ultra Repair Cream (170g),uscat
17,Weleda Skin Food (75ml),uscat
18,Neutrogena Hydro Boost City Shield SPF Moisturiser,uscat
20,JASON Aloe Vera 98% Moisturising Gel Tube 113g,uscat
21,CeraVe Moisturising Cream 177ml,uscat
22,Embryolisse Lait-Crème Concentré (75ml),necunoscut
23,La Roche-Posay Effaclar H Moisturiser 40ml,uscat
24,Bulldog Original Moisturiser 100ml,uscat
25,Clinique Dramatically Different Moisturising Gel 125ml with Pump,uscat
26,La Roche-Posay Effaclar Duo+ SPF30 40ml,"acneic, gras, uscat"
27,Avene Very High Protection B-Protect SPF 50+ 30ml,necunoscut
28,Avène Tolérance Extrême Emulsion 50ml,uscat
29,Estée Lauder DayWear Advanced Multi-Protection Anti-Oxidant Creme SPF15 N/C 50ml,uscat
30,Embryolisse Lait-Crème Concentré (30ml),necunoscut
31,The Chemistry Brand Intense Youth Complex Hand Cream 100ml,uscat
32,Avène Tolérance Extrême Cream 50ml,uscat
33,La Roche-Posay Toleriane Ultra Overnight Moisturiser 40ml,"acneic, gras, uscat"
34,First Aid Beauty Hello FAB Coconut Water Cream,necunoscut
35,Elemis Pro-Collagen Marine Cream SPF30 50ml,uscat
36,Avène Aqua Gel 50ml,uscat
37,La Roche-Posay Effaclar K(+) Anti-Blackhead Moisturiser 40ml,"acneic, gras"
38,The INKEY List Snow Mushroom,uscat
39,Weleda Skin Food (30ml),uscat
41,La Roche-Posay Nutritic Intense Rich 50ml,"acneic, gras, uscat"
42,Origins GinZing™ Energy-Boosting Tinted Moisturiser SPF40 50ml,"acneic, uscat"
43,Estée Lauder DayWear Multi-Protection Anti-Oxidant Creme SPF 15 30ml,uscat
44,Elizabeth Arden Eight Hour Great 8 Daily Defense Moisturizer 45ml,uscat
45,Skin Doctors Sd White & Bright (50ml),necunoscut
46,Origins GinZing Ultra Hydrating Energy-Boosting Cream Moisturiser 50ml,"acneic, gras, uscat"
47,Elizabeth Arden Eight Hour Cream Skin Protectant (50ml),"acneic, gras, uscat"
48,PRAI AGELESS Throat & Decolletage Crème 50ml,uscat
49,La Roche-Posay Toleriane Sensitive Fluid Moisturiser 40ml,"acneic, gras, uscat"
50,La Roche-Posay Effaclar MAT+ 40ml,"acneic, gras, uscat"
51,Mama Mio The Tummy Rub Butter 120ml - Fragrance Free,uscat
52,Clinique Moisture Surge 72 Hour Auto Replenishing Hydrator 50ml,uscat
53,Elemis Pro-Collagen Marine Cream 50ml,uscat
54,La Roche-Posay Toleriane Ultra Fluid 40ml,uscat
55,Clinique Moisture Surge 72-Hour Auto-Replenishing Hydrator 15ml,uscat
56,Clinique for Men Moisturising Lotion 100ml,uscat
57,Bulldog Oil Control Moisturiser 100ml,uscat
58,Bulldog Age Defence Moisturiser 100ml,uscat
59,The INKEY List Multi-Biotic Moisturiser 30ml,uscat
60,Caudalie Vinosource Moisturising Sorbet 40ml,uscat
61,Neutrogena Refreshingly Clear Oil-Free Moisturiser 50ml,"acneic, gras, uscat"
62,The INKEY List Turmeric Moisturiser 30ml,uscat
63,The Ordinary Vitamin C Suspension Cream 30% in Silicone 30ml,necunoscut
64,La Roche-Posay Toleriane Sensitive Moisturiser 40ml,"acneic, gras, uscat"
65,Avene Hydrance Hydrating Cream 40ml,uscat
66,Caudalie Vinoperfect Dark Spot Correcting Glycolic Night Cream 50ml,"acneic, gras, uscat"
68,Estée Lauder Revitalising Supreme + Global Anti-ageing Cell Power Crème 30ml,uscat
69,The Chemistry Brand Heel Hydration Complex 100ml,uscat
70,Elizabeth Arden Visible Difference Refining Moisture Cream (75ml),uscat
71,Antipodes Baptise H20 Ultra-Hydrating Water Gel 60ml,uscat
72,L'Oréal Paris Dermo Expertise Triple Active Hydrating Night Moisturiser (50ml),uscat
73,Bulldog Sensitive Moisturiser 100ml,uscat
74,Dr.Jart+ Ceramidin Cream 50ml,uscat
75,"
Erno Laszlo Phelityl Night Cream 50ml",uscat
76,Antipodes Avocado Pear Nourishing Night Cream 60ml,uscat
77,Fade Out ADVANCED Even Skin Tone Night Cream 50ml,"acneic, gras, uscat"
78,NIOD Hydration Vaccine Face Cream 50ml,uscat
79,The INKEY List Peptide Moisturizer 50ml,uscat
80,Clinique Moisture Surge Intense Skin Fortifying Hydrator 50ml,uscat
81,Clinique Moisture Surge 72-Hour Auto Replenishing Hydrator 30ml,uscat
82,L'Oréal Paris Hydra Genius Liquid Care Moisturiser for Normal Combination Skin 70ml 2 Pack Exclusive,uscat
83,Murad Hydro-Dynamic™ Ultimate Moisture (50ml),uscat
84,Clinique Redness Solutions Daily Relief Cream 50ml,"acneic, gras, uscat"
85,DECLÉOR Hydra Floral Anti-Pollution Hydrating Rich Cream,uscat
86,Elemis Pro-Collagen Oxygenating Night Cream 50ml,uscat
87,Weleda Skin Food 75ml - Light,"acneic, gras, uscat"
89,The INKEY List Bakuchiol Moisturiser 30ml,uscat
90,COSRX Advanced Snail 92 All in One Cream 100ml,uscat
91,bareMinerals Butter Drench Intense Moisurising Day Cream,uscat
92,Eucerin Anti-Pigment SPF30 Day Cream 50ml,"acneic, gras, uscat"
94,Sukin Sensitive Facial Moisturiser (125ml),uscat
95,Fade Out ADVANCED Even Skin Tone Day Cream SPF 25 50ml,"acneic, gras, uscat"
96,First Aid Beauty Coconut Skin Smoothie Priming Moisturiser,uscat
97,Avène Rich Revitalizing Nourishing Cream 50ml,uscat
98,REN Clean Skincare Evercalm Global Protection Day Cream,uscat
99,Fade Out ADVANCED + Age Protection Even Skin Tone Day Cream SPF 25 50ml,"acneic, gras, uscat"
100,Bulldog Protective Moisturiser 100ml,uscat
101,Alpha-H Daily Essential Moisturiser Spf50+ (50ml),uscat
102,Pai Skincare Chamomile and Rosehip Calming Day Cream 50ml,"acneic, gras, uscat"
103,Estée Lauder DayWear Anti-Oxidant 72H-Hydration Sorbet Creme SPF 15 50ml,uscat
104,Liz Earle Skin Repair Light,uscat
105,Elemis Peptide4 Plumping Pillow Facial,uscat
106,Murad Oil and Pore Control Mattifier SPF45 PA 50ml,uscat
108,AMELIORATE Transforming Body Cream 225ml,"acneic, gras, uscat"
109,"JASON Age Renewal Vitamin E 25,000iu Cream (120g)",uscat
110,Clinique Smart SPF 15 Custom Repair Moisturiser - Dry to Combination Skin - 50ml,uscat
111,Mama Mio The Tummy Rub Butter 120ml - Lavender and Mint,uscat
112,Neal's Yard Remedies Vitamin E and Avocado Night Cream 50g,uscat
113,First Aid Beauty Ultra Repair Face Moisturiser (50ml),uscat
114,Bioderma Hydrabio Gel Cream 40ml,"acneic, gras, uscat"
115,Estée Lauder NightWear Plus Anti-Oxidant Night Detox Crème 50ml,uscat
116,The Ordinary 10% Agireline Solution 30ml,necunoscut
117,The Ordinary Buffet Supersize Serum 60ml,uscat
118,The Ordinary 100% Pycnogenol 5% 15ml,necunoscut
119,Medik8 C-Tetra Serum 30ml,necunoscut
120,Estée Lauder Advanced Night Repair Synchronized Recovery Complex II 30ml,uscat
122,The Ordinary Hyaluronic Acid 2% + B5 Supersize Serum 60ml,uscat
123,The Ordinary Marine Hyaluronics 30ml,"acneic, gras, uscat"
124,Avene Hydrance Intense Serum 30ml,uscat
125,VICHY Minéral 89 Hyaluronic Acid Hydration Booster 50ml,uscat
126,La Roche-Posay Pure Vitamin C10 Serum 30ml,"acneic, gras, uscat"
127,PIXI Overnight Glow Serum,"acneic, gras, uscat"
128,Clinique Even Better Clinical Radical Dark Spot Corrector + Interrupter 50ml,"acneic, gras"
129,Medik8 Hydr8 B5 Serum 30ml,uscat
130,NIP+FAB Dragons Blood Fix Serum 50ml,uscat
131,By Terry Cellularose CC Serum 30ml (Various Shades),uscat
132,NIP+FAB Salicylic Fix Serum Extreme 2% 50ml,"acneic, gras, uscat"
134,Medik8 Crystal Retinal 6,uscat
135,PIXI Collagen and Retinol Serum 30ml,"acneic, gras, uscat"
136,Elizabeth Arden Ceramide Capsules Advanced (90 Capsules),uscat
137,Elizabeth Arden Retinol Ceramide Capsules Line Erasing Night Serum - 30 Pieces (Sleeved Version),"acneic, uscat"
138,Tan-Luxe Super Glow Body Hyaluronic Self-Tan Serum 150ml,uscat
139,La Roche-Posay Rosaliac AR Intense Serum 40ml,uscat
140,La Roche-Posay Toleriane Ultra Cream,uscat
144,PIXI Glow Tonic Serum 30ml,"acneic, gras, uscat"
145,DECLÉOR Aromessence Neroli Amara Serum 15ml,necunoscut
146,The Ordinary Amino Acids + B5,uscat
147,Lancôme Advanced Génifique Eye and Lash Serum - Light Pearl 20ml,uscat
148,REN Clean Skincare Radiance Perfection Serum,"acneic, gras, uscat"
149,Sanctuary Spa Hyaluronic Wonder Oil Serum 30ml,necunoscut
150,La Roche-Posay Hydraphase Intense Serum (30ml),uscat
153,REN Clean Skincare Evercalm Anti-Redness Serum,"acneic, gras, uscat"
154,Elizabeth Arden Advanced Ceramide Capsules Daily Youth Restoring Eye Serum (60 Pack),uscat
155,Estée Lauder Perfectionist Pro Multi-Defense Aqua UV Gel SPF 50 with 8 Anti-Oxidants,uscat
156,NIP+FAB Retinol Fix Serum Extreme 50ml,uscat
157,Origins Plantscription Anti-Aging Power Serum 50ml,uscat
158,Estée Lauder Perfectionist Pro Rapid Brightening Treatment with Ferment2+ Vitamin C 50ml,"acneic, gras, uscat"
159,Peter Thomas Roth Retinol Fusion PM 30ml,acneic
160,Elizabeth Arden Skin Illuminating Advanced Brightening Night Capsules (50 Capsules),"acneic, gras"
161,Caudalie VineActiv Glow Activating Anti-Wrinkle Serum 30ml,uscat
162,Sukin Super Greens Recovery Serum 30ml,"acneic, gras, uscat"
163,Pai Skincare Back to Life Hydration Serum 30ml,"acneic, gras, uscat"
164,OSKIA Super 16 Serum (30ml),uscat
165,La Roche-Posay Pigmentclar Serum 30ml,"acneic, gras, uscat"
166,"Clinique Repairwear Laser Focus Smooths, Restores, Refines 50ml",uscat
167,DECLÉOR Aromessence Green Mandarin Essential Oil Serum 15ml,necunoscut
169,Lancôme Advanced Génifique Youth Activating Serum 30ml,uscat
173,COSRX AC Collection Blemish Spot Clearing Serum 40ml,"acneic, gras, uscat"
175,Dermalogica AGE Bright Clearing Serum 30ml,"acneic, gras, uscat"
176,Dr. Hauschka Night Serum 20ml,uscat
177,Elizabeth Arden SuperStart Skin Renewal Booster 50ml,uscat
178,Lancôme Génifique Double Drop Serum 20ml,uscat
179,SkinCeuticals Discoloration Defense Corrective Serum 30ml,"acneic, gras, uscat"
180,Aurelia Probiotic Skincare Revitalise & Glow Serum 30ml,uscat
181,Estée Lauder Idealist Pore Minimizing Skin Refinisher 30ml,uscat
183,DECLÉOR Aromessence Magnolia Youthful Oil Serum 15ml 0.5oz,necunoscut
184,Murad Retinol Youth Renewal Serum Travel Size,"acneic, uscat"
185,Caudalie Resvératrol Lift Firming Serum (30ml),uscat
186,Pai Skincare Instant Calm Redness Serum Sea Aster and Wild Oat 30ml,"acneic, gras, uscat"
187,Gallinée Probiotic Youthful Serum 30ml,"acneic, gras, uscat"
188,PIXI Hydrating Milky Serum 30ml,uscat
189,Darphin Intral Redness Relief Soothing Serum,uscat
190,Zelens Z Hyaluron Hyaluronic Acid Complex Serum Drops 30ml,uscat
191,Dr Dennis Gross Skincare C+Collagen Brighten and Firm Vitamin C Serum 30ml,"acneic, gras, uscat"
192,Estée Lauder Perfectionist Pro Rapid Firm + Lift Serum Hexapeptide-8 50ml,"acneic, gras, uscat"
193,GLAMGLOW Superserum 30ml,"acneic, gras, uscat"
194,Too Faced Hangover Good in Bed Ultra-Hydrating Replenishing Serum 29ml,uscat
195,Elizabeth Arden Prevage Face Advanced Anti-Aging Serum (50ml),uscat
196,Liz Earle Superskin Face Serum 30ml Pump,uscat
197,Sukin Purely Ageless Firming Serum 30ml,"acneic, gras"
198,Bobbi Brown Extra Repair Serum 30ml,uscat
199,Indeed Labs Eysilix Serum 2 15ml,uscat
200,Natio Advanced Lifting and Firming Serum (30ml),uscat
202,REN Clean Skincare Keep Young and Beautiful Instant Firming Beauty Shot,necunoscut
204,Indeed Labs Snoxin Serum 2 30ml,uscat
205,Neal's Yard Remedies Beauty Sleep Concentrate 30ml,uscat
206,L'Oreal Paris Dermo Expertise Revitalift Laser Renew Anti-ageing Triple Action Super Serum (30ml),"acneic, gras, uscat"
207,ELEMIS Pro-Collagen Definition Face and Neck Serum 30ml,"acneic, gras, uscat"
208,Lancôme Visionnaire Serum Plus 30ml,uscat
209,Aurelia Skincare Firm & Replenish Body Serum 250ml,"acneic, gras, uscat"
210,Chantecaille Vital Essence 50ml,"gras, uscat"
211,Indeed Labs Pepta-Bright 30ml,"acneic, gras"
212,Omorovicza Instant Perfection Serum (30ml),uscat
214,FOREO 'Serum Serum Serum' Micro-Capsule Youth Preserve,uscat
215,Aveda Hand Relief Night Renewal Serum 30ml,"acneic, gras, uscat"
216,Sukin Hydration Biomarine Facial Serum 30ml,uscat
217,Dermalogica Multivitamin Power Serum (22ml),uscat
218,Sarah Chapman Skinesis Skin Tone Perfecting Booster (30ml),uscat
219,DECLÉOR Hydra Floral White Petal Skin Perfecting Concentrate 30ml,"acneic, gras, uscat"
220,Darphin Dark Circle Relief and De-Puffing Eye Serum 15ml,"acneic, gras"
221,Zelens Youth Concentrate Supreme Age-Defying Serum (30ml),"acneic, uscat"
222,Darphin Hydraskin Serum 30ml,uscat
223,L'Oréal Paris Revitalift Filler + Hyaluronic Acid Replumping Serum 16ml,"acneic, gras, uscat"
224,Elizabeth Arden Prevage Advanced Daily Serum,"acneic, gras, uscat"
225,L'Oréal Paris Age Perfect Nutrition Intense Supreme Repairing Serum,uscat
226,Green People Age Defy+ Line Eraser Lip & Eye Serum (10ml),"acneic, gras, uscat"
227,The Organic Pharmacy Stabilised Vitamin C Serum 30ml,uscat
228,Erno Laszlo AHA Resurfacing Sleep Serum,"acneic, gras, uscat"
229,DHC Deep Cleansing Oil 30ml,necunoscut
230,DHC Deep Cleansing Oil 70ml,necunoscut
231,DHC Deep Cleansing Oil 200ml,necunoscut
232,Pai Skincare Rosehip BioRegenerate Oil 30ml,necunoscut
233,Clinique Take The Day Off Cleansing Oil 200ml,uscat
234,"The Ordinary ""B"" Oil 30ml",necunoscut
235,The Ordinary 100% Cold Pressed Virgin Marula Oil 30ml,necunoscut
236,Caudalie Make-Up Removing Cleansing Oil 150ml,necunoscut
237,NUXE Huile Prodigieuse Multi Usage Dry Oil 50ml,necunoscut
238,NUXE Huile Prodigieuse Multi Usage Dry Oil 100ml,necunoscut
239,Face by Skinny Tan Moisturising Oil Drops 30ml,uscat
240,The Ordinary 100% Organic Virgin Chia Seed Oil,necunoscut
241,Mama Mio The Tummy Rub Oil 120ml,necunoscut
242,NUXE Huile Prodigieuse Golden Shimmer Multi Usage Dry Oil 50ml,necunoscut
243,"JASON Vitamin E 5,000iu Oil - All Over Body Nourishment 118ml",necunoscut
244,Elizabeth Arden Eight Hour All-Over Miracle Oil (100ml),necunoscut
245,Elemis Superfood Facial Oil 15ml,necunoscut
247,Bondi Sands Liquid Gold Self Tanning Oil 150ml,uscat
248,Indeed Labs Squalane Facial Oil 30ml,necunoscut
249,TanOrganic Self-Tanning Oil - Brown (100ml),necunoscut
250,Caudalie VineActiv Overnight Detox Oil 30ml,necunoscut
251,Mama Mio The Tummy Rub Oil 200ml,necunoscut
252,NUXE Sun Tanning Oil Face and Body SPF 30 (150ml),necunoscut
253,Sarah Chapman Skinesis Supersize Overnight Facial Oil 30ml,uscat
254,"JASON Vitamin E 32,000iu Oil - Scar & Stretch Mark Treatment 30ml",necunoscut
255,Bondi Sands Everyday Liquid Gold Gradual Tanning Oil 270ml,uscat
256,Trilogy Certified Organic Rosehip Oil 20ml,necunoscut
257,Elizabeth Arden Ceramide Cleansing Face Oil (195ml),necunoscut
258,Trilogy Certified Organic Rosehip Oil 45ml,necunoscut
259,BBB London Luscious Lash Oil 7.5ml,uscat
260,PIXI Rose Oil Blend 30ml,necunoscut
261,Sanctuary Spa Calming CBD Oil 45ml,necunoscut
262,Sukin Rose Hip Oil (25ml),necunoscut
263,Sanctuary Spa 10-in-1 Super Secret Facial Oil 30ml,necunoscut
264,REN Clean Skincare Bio Retinoid Anti-Wrinkle Concentrate Oil,necunoscut
265,BBB London Nourishing Brow Oil 11ml,necunoscut
266,Sanctuary Spa Melt Away Cleansing Oil 150ml,necunoscut
268,Elemis Pro-Collagen Marine Oil 15ml,necunoscut
269,DECLÉOR Aromessence Ylang Cananga Anti-Blemish Oil Serum,necunoscut
270,The Chemistry Brand Glow Oil 100ml,uscat
271,Sanctuary Spa Overnight Replenishing Miracle Oil 30ml,necunoscut
272,DHC Pore Cleansing Oil (150ml),uscat
273,L’Oréal Paris Extraordinary Oil Sleeping Oil Night Cream (50ml),uscat
274,REN Clean Skincare Vita Mineral Omega 3 Optimum Skin Oil,necunoscut
275,Bondi Sands Sunscreen SPF15 Oil 150ml,necunoscut
276,PIXI Jasmine Oil Blend 30ml,necunoscut
277,Freezeframe Stretch Mark Eraser 80ml,uscat
278,MONU Firming Fiji Facial Oil (180ml),necunoscut
279,Bondi Sands Sunscreen SPF30 Oil 150ml,necunoscut
280,L'Oréal Paris Extraordinary Oil Cream 50ml,necunoscut
281,Darphin The Revitalising Oil (50ml),necunoscut
282,Balance Me Radiance Face Oil 30ml,necunoscut
284,Peter Thomas Roth Oiless Oil 100% Purified Squalane,necunoscut
285,Rodial Vitamin C Deluxe Drops 10ml,uscat
286,Aurelia Probiotic Skincare Cell Repair Night Oil 50ml,necunoscut
287,Garnier Organic Lavandin Glow Oil 30ml,necunoscut
288,Moroccanoil Shimmering Body Oil 50ml,necunoscut
289,LIXIRSKIN Night Switch Essential Lipids 15ml,uscat
290,Trilogy Rosehip Oil Antioxidant+ 30ml,necunoscut
291,Erno Laszlo Detoxifying Cleansing Oil 195ml,gras
292,Manuka Doctor 24K Gold & Manuka Honey Face Oil 12ml,necunoscut
293,Natio Ageless Rosehip Oil Cold Pressed 15ml,necunoscut
294,Weleda Almond Soothing Facial Oil (50ml),necunoscut
295,Trilogy CoQ10 Booster Oil 20ml,necunoscut
296,DHC Olive Virgin Oil (30ml),necunoscut
297,Manuka Doctor Replenishing Facial Oil 25ml,necunoscut
298,Elemis Pro-Definition Facial Oil 15ml,necunoscut
301,Bobbi Brown Extra Face Oil 30ml,necunoscut
303,Darphin Rose Hydra-Nourishing Aromatic Care Oil 15ml,necunoscut
304,Rodial Pink Diamond Oil 30ml,necunoscut
305,La Roche-Posay Anthelios Anti-Shine Sun Protection Invisible SPF50+ Face Mist 75ml,uscat
306,PIXI Glow Mist 80ml,"acneic, gras, uscat"
307,Garnier Ambre Solaire Sensitive Hydrating Hypoallergenic Face Sun Cream Mist SPF50 75ml,uscat
308,La Roche-Posay Toleriane Ultra 8 Face Mist 100ml,uscat
309,Neutrogena Hydro Boost Express Hydrating Spray 200ml,uscat
310,PIXI Hydrating Milky Mist 80ml,uscat
311,Garnier Ambre Solaire Natural Bronzer Quick Drying Dark Self Tan Face Mist 75ml,uscat
312,Garnier Ambre Solaire Dry Mist Fast Absorbing Sun Cream Spray SPF30 200ml,necunoscut
313,ELEMIS Superfood Kefir-Tea Mist 100ml,uscat
314,PIXI Sun Mist 80ml,necunoscut
315,Omorovicza Queen Of Hungary Mist (100ml),uscat
316,Lumene Nordic Hydra Lähde Arctic Spring Water Enriched Facial Mist 50ml,uscat
317,Omorovicza Queen of Hungary Mist 30ml,uscat
318,Garnier Ambre Solaire Sensitive Hypoallergenic Dry Mist Sun Cream Spray SPF50 200ml,uscat
319,Revolution Skincare Hyaluronic Essence Spray 100ml,uscat
320,NUXE Huile Prodigieuse Florale Mist 100ml,necunoscut
321,PIXI Vitamin Wakeup Mist 80ml,"acneic, gras, uscat"
322,Neal's Yard Remedies Goodnight Pillow Mist 45ml,uscat
323,Lumene Nordic Hydra [Lähde] Arctic Spring Water Enriched Facial Mist 100ml,uscat
324,Lumene Nordic C Valo Glow Refresh Hydrating Mist 50ml,uscat
325,Elizabeth Arden Eight Hour Miracle Hydrating Mist 100ml,uscat
326,Garnier Natural Vegan Rose Soothing Hydrating Glow Mist 150ml,"acneic, gras, uscat"
327,Dermalogica Age Smart Antioxidant Hydramist 150ml,uscat
328,Zelens Z Balance Prebiotic and Probiotic Facial Mist 50ml,"acneic, gras, uscat"
330,Revolution Skincare CBD Essence Spray 100ml,uscat
331,Peter Thomas Roth Water Drench Hydrating Toner Mist 150ml,necunoscut
332,Elemis Pro-Collagen Rose Hydro-Mist 50ml,"acneic, gras, uscat"
333,Chantecaille Pure Rosewater 100ml,uscat
334,Neal's Yard Remedies Frankincense Hydrating Facial Mist 45ml,uscat
335,Crystal Clear Revitalising Tonic 200ml,uscat
336,Garnier Organic Argan Mist 150ml,"acneic, gras, uscat"
337,Institut Esthederm Cellular Water Mist 100ml,necunoscut
338,Revolution Skincare x Jake Jamie Tropical Quench Essence Spray 100ml,uscat
339,Jurlique Rosewater Balancing Mist (100ml),"acneic, gras"
340,NUXE Refreshing Toning Mist 200ml,uscat
341,Bondi Sands Self Tanning Mist 250ml - Dark,necunoscut
343,Jurlique Rosewater Balancing Mist 100ml,uscat
344,Aveda Botanical Kinetics Toning Mist 150ml,necunoscut
345,Rodial Dragon's Blood Essence 100ml,"acneic, gras, uscat"
346,Origins Ginzing™ Energy-Boosting Treatment Lotion Mist 150ml,uscat
347,ULTRASUN CLEAR SPRAY SPF30 - SPORTS FORMULA (150ML),uscat
348,Salcura Antiac Activ Liquid Spray (50ml),"gras, uscat"
349,Revolution Skincare Caffeine Essence Spray 100ml,uscat
350,Sea Magik Sunsafe SPF50 Clear Spray 150ml,necunoscut
351,Pestle & Mortar Balance Facial Spritz,uscat
352,DHC Super Collagen Mist 50ml,uscat
353,Revolution Skincare Superfruit Essence Spray 100ml,uscat
354,Murad Prebiotic 3-in-1 MultiMist 100ml,"acneic, gras, uscat"
356,Zelens PROVITAMIN D Fortifying Facial Mist 50ml,"acneic, gras, uscat"
357,Emma Hardie Plump and Glow Hydrating Mist 90ml,uscat
360,Piz Buin After Sun Instant Relief Mist Spray,uscat
361,Eve Lom Face Mist 15ml,"gras, uscat"
362,Sarah Chapman Skinesis Liquid Facial D-Stress 75ml,"acneic, gras, uscat"
364,Jurlique Calendula Redness Rescue Calming Mist (100ml),uscat
365,Lumene Nordic C [Valo] Glow Refresh Hydrating Mist 100ml,uscat
366,OSKIA SPF Vitamin Mist 100ml,"acneic, uscat"
370,Natura Bissé C+C Vitamin Splash 200ml,necunoscut
373,Mauli Supreme Skin Rose Mist,necunoscut
374,Avant Skincare PH Balancing & Brightening Rose Infusion Day Mist 30ml,uscat
375,Jurlique Lavender Hydrating Mist 100ml,uscat
376,Salcura Antiac Acne Clearing Spray (100ML),"gras, uscat"
377,Löwengrip Moisture on the go Facial Mist 100ml,"acneic, gras, uscat"
378,Armani Prima Mist 100ml,uscat
379,The Ritual of Namasté Urban Hydrating Mist 100ml,uscat
381,Jurlique Lavender Hydrating Mist 50ml,uscat
382,Natura Bissé Tolerance Toner 200ml,"acneic, gras, uscat"
384,Eve Lom Radiance Face Mist 48ml,"gras, uscat"
385,Clinique Take The Day Off Cleansing Balm 125ml,necunoscut
386,NUXE Baume Levres Reve De Miel - Honey Lip Balm (15g),necunoscut
387,La Roche-Posay Cicaplast Baume B5 Soothing Repairing Balm 40ml,uscat
388,ELEMIS Pro-Collagen Rose Cleansing Balm 105g,uscat
389,Burt's Bees Beeswax Lip Balm Tube 4.25g,uscat
391,La Roche-Posay Cicaplast Baume B5 Repairing Balm SPF 50 40ml,uscat
392,Burt's Bees Pomegranate Lip Balm Tube 4.25g,uscat
393,Dr. PAWPAW Outrageous Orange Balm 25ml,uscat
394,Lanolips 101 Ointment Multi-Balm - Coconutter 10g,uscat
395,DECLÉOR Aromessence Neroli Amara Night Balm 15ml,necunoscut
396,Burt's Bees Honey Lip Balm Tube 4.25g,uscat
397,AMELIORATE Intensive Lip Treatment 15ml,"acneic, gras, uscat"
398,Burt's Bees Lip Balm - Ultra Conditioning 4.25g,necunoscut
399,Burt's Bees Lip Balm - Mango Lip Balm Tubes 4.25g,uscat
400,Maybelline Baby Lips Cherry Me,uscat
401,Omorovicza Perfecting Lip Balm (10ml),uscat
402,DECLÉOR Aromessence Ylang Ylang Night Balm 15ml,necunoscut
403,Mama Mio Keep Calm Nipple Balm 30ml,necunoscut
404,yes to Coconut Cleansing Balm 120g,necunoscut
405,Lanolips Rose Gold 101 Ointment For Lips + Cheeks 9g,uscat
406,Frank Body Lip Balm Original 15ml,uscat
407,REN Clean Skincare Evercalm Overnight Recovery Balm 30ml,uscat
408,Rituals The Ritual of Sakura Hand Balm 175ml,"acneic, gras, uscat"
409,Lanolips 101 Ointment Multi-Balm - Peach 10g,uscat
410,DECLÉOR Green Mandarin Night Balm 15ml,necunoscut
411,Weleda Lip Balm (4.8g),necunoscut
412,PIXI Rose Flash Balm 45ml,uscat
413,Balance Me Cleanse and Smooth Face Balm 125ml,necunoscut
414,First Aid Beauty Ultra Repair Intensive Lip Balm (10g),uscat
415,Dr. PAWPAW Original Balm 100ml,uscat
416,Dr Hauschka Lip Balm 4.5ml,necunoscut
417,By Terry Baume de Rose Flaconnette 7ml,necunoscut
418,DECLÉOR Aromessence Magnolia Youthful Night Balm 15ml,necunoscut
419,REN Rosa Centifolia No.1 Purity Cleansing Balm,necunoscut
420,Dr. PAWPAW Hot Pink Balm 25ml,uscat
421,Lanolips Tinted SPF30 Balm - Red Apple 12.5g,uscat
423,Uriage Xémose Anti-Itch Soothing Oil Balm 500ml,uscat
424,benefit Dr Feelgood Velvety Complexion Balm,necunoscut
425,Jurlique Rose Love Balm (15ml),uscat
426,Aurelia Probiotic Skincare Refine and Polish Miracle Balm 75ml,uscat
427,Rituals The Ritual of Ayurveda Hand Balm 175ml,"acneic, gras, uscat"
428,Rodial Bee Venom Cleansing Balm 100ml,"acneic, gras, uscat"
429,Indeed Labs Watermelon Melting Balm 100ml,uscat
430,DECLÉOR Cica-Botanic Balm,necunoscut
431,OSKIA Micro Exfoliating Balm - 50ml,uscat
434,By Terry Baume De Rose Nutri-Couleur Lip Balm 7g,necunoscut
435,MONU Recovery Balm (50ml),uscat
436,Darphin Intral Redness Relief Recovery Balm,uscat
437,Darphin Aromatic Cleansing Balm with Rosewood 125ml,uscat
439,Garnier Organic Argan Rescue Balm 50ml,"acneic, gras, uscat"
441,MONUPLUS Beauty Balm (50ml),uscat
442,The Ritual of Namasté Restoring Night Balm 50ml,uscat
443,yes to Cucumbers Exfoliating Cleansing Balm 120g,necunoscut
444,Clinique Superbalm Lip Treatment 7ml,uscat
445,Alchimie Forever Dry Skin Balm,uscat
446,Garnier Hyaluronic Acid and Orange Juice Hydrating Brightening Eye Sheet Mask 6g,uscat
448,PIXI PLUMP Collagen Boost Sheet Mask (Pack of 3),uscat
451,Holika Holika Pure Essence Mask Sheet - Avocado,uscat
452,Antipodes Aura Manuka Honey Mask 75ml,uscat
453,Garnier Moisture Bomb Green Tea Hydrating Face Sheet Mask for Combination Skin 32g,uscat
456,Garnier Hyaluronic Acid and Coconut Water Hydrating Replumping Eye Sheet Mask 6g,uscat
457,Ambre Solaire After Sun Cooling Hyaluronic Acid Face Sheet Mask 32g,uscat
458,REN Clean Skincare Glycol Lactic Radiance Mask,"acneic, gras, uscat"
460,Garnier Moisture Bomb Camomile Hydrating Face Sheet Mask for Dry and Sensitive Skin 32g,uscat
462,La Roche-Posay Effaclar Clay Mask 100ml,"gras, uscat"
467,Garnier Moisture Bomb Lavender Hydrating Face Sheet Mask for Fatigued Skin 32g,uscat
469,Oh K! Peeling Foot Mask 20ml,"acneic, gras, uscat"
470,Garnier Moisture Bomb Sakura Hydrating Face Sheet Mask for Dull Skin 32g,uscat
471,Garnier Charcoal and Algae Purifying and Hydrating Face Sheet Mask for Enlarged Pores 28g,"acneic, gras, uscat"
472,BeautyPro Brightening Collagen Sheet Mask with Vitamin C,necunoscut
473,AHAVA Single Use 24K Gold Mineral Mud Mask 6ml,"acneic, gras, uscat"
475,First Aid Beauty Ultra Repair Instant Oatmeal Mask (56.7g),uscat
477,Caudalie Instant Detox Mask (75ml),"acneic, gras, uscat"
478,Dermalogica Age Smart Multivitamin Power Recovery Masque 75ml,"acneic, gras, uscat"
479,Garnier Fresh-Mix Brightening Face Sheet Shot Mask with Vitamin C 33g,uscat
482,"Dear, Klairs Rich Moist Soothing Tencel Sheet Mask 25ml",uscat
483,Clinique Moisture Surge Overnight Mask 100ml,uscat
485,BeautyPro Detoxifying Foaming Cleansing Sheet Mask with Activated Charcoal,gras
486,GLAMGLOW Supermud Mask 15g,"acneic, gras, uscat"
487,Garnier Fresh-Mix Replumping Face Sheet Shot Mask with Hyaluronic Acid 33g,uscat
488,"Dear, Klairs Midnight Blue Calming Sheet Mask 25ml",uscat
489,AHAVA Single Use Overnight Deep Wrinkle Mask 6ml,"acneic, gras, uscat"
491,Origins Original Skin Retexturizing Mask with Rose Clay 75ml,"gras, uscat"
493,AHAVA Single Use Brightening & Hydration Mask 6ml,"acneic, gras, uscat"
494,NIP+FAB Teen Skin Fix Salicylic Acid Sheet Mask,"acneic, gras, uscat"
495,Neutrogena Hydro Boost Hydrogel Recovery Mask 30ml,necunoscut
496,Garnier Moisture Bomb Deep Sea Water & Hyaluronic Acid Night-Time Eye Tissue Mask 6g,uscat
497,OSKIA Renaissance Mask (50ml),"acneic, gras, uscat"
499,PIXI Glow Mud Mask 30ml,"gras, uscat"
500,Clinique Moisture Surge Overnight Mask 15ml,uscat
501,NIP+FAB Glycolic Fix Extreme Bubble Mask 23g,"acneic, gras, uscat"
502,Aesop Chamomile Concentrate Anti-Blemish Mask 60ml,"gras, uscat"
503,L'Oréal Paris Pure Clay Detox Face Mask 50ml,"gras, uscat"
504,Origins Clear Improvement Active Charcoal Mask to Clear Pores 75ml,"gras, uscat"
505,Peter Thomas Roth Cucumber Gel Mask 14ml,uscat
507,COSRX Ultimate Nourishing Rice Overnight Spa Mask 60ml,"acneic, gras, uscat"
508,REN Clean Skincare Evercalm Ultra Comforting Rescue Mask,uscat
509,Erno Laszlo Multi-Task Eye Serum Mask (6 Pack),"acneic, gras, uscat"
511,Avène Soothing Radiance Mask 50ml,necunoscut
512,BARBER PRO Face Putty Black Peel-Off Mask with Activated Charcoal (3 Applications),"gras, uscat"
513,Garnier Ultralift Anti Ageing Radiance Boosting Face Sheet Mask 32g,necunoscut
514,FOREO UFO Activated Masks - Call It a Night (7 Pack),uscat
515,Peter Thomas Roth Cucumber Gel Mask 150ml,uscat
516,Peter Thomas Roth Cucumber Hydra-Gel Eye Masks 60 masks,"acneic, gras, uscat"
518,Neutrogena Radiance Boost Hydrogel Recovery Mask 30ml,"acneic, gras"
519,Chantecaille Bio Lift Mask - 50ml,uscat
520,Rodial Dragon's Blood Eye Mask Single,uscat
521,BeautyPro CBD Oil Infused Sheet Mask 22ml,uscat
522,Origins Out of Trouble 10 Minute Mask to Rescue Problem Skin 75ml,"acneic, gras, uscat"
524,Lancôme Génifique Hydrogel Sheet Mask (1 Mask),uscat
526,AHAVA Single Use Clearing Mask 6ml,"gras, uscat"
528,Liz Earle Deep Cleansing Mask 75ml,"gras, uscat"
529,Vichy Quenching Mineral Mask Duo Sachet 2 x 6ml,"acneic, gras, uscat"
530,AHAVA Single Use Mud Mask 8ml,"acneic, gras, uscat"
531,Sanctuary Spa Charcoal Bubble Sheet Mask 22g,uscat
534,NIP+FAB Retinol Fix Sheet Mask 10g,"acneic, uscat"
535,Origins Clear Improvement Charcoal Honey Mask to Purify and Nourish 75ml,"gras, uscat"
536,Filorga Hydra-Filler Mask 23g,"acneic, gras, uscat"
537,Bulldog Oil Control Face Mask 100ml,"gras, uscat"
539,Neutrogena Purifying Boost Hydrogel Recovery Mask 30ml,uscat
541,PIXI Collagen Plumping Mask 45ml,uscat
542,FOREO UFO Activated Masks - Make My Day (7 Pack),uscat
543,Elemis Pro-Collagen Hydra-Gel Eye Mask (Pack of 6),uscat
544,REN Clean Skincare Clarimatte Invisible Pores Detox Mask,"acneic, gras, uscat"
545,Eve Lom Rescue Mask (100ml),"gras, uscat"
547,BeautyPro Nourishing Collagen Sheet Mask with Olive Extract,uscat
548,Oh K! Chok Chok Smoothing Undereye Mask 2 x 1.5g,"acneic, gras, uscat"
549,AHAVA Purifying Mud Mask 100ml,"acneic, gras, uscat"
550,BeautyPro THERMOTHERAPY Warming Gold Foil Mask 30g,uscat
551,L'Oréal Paris Pure Clay Blemish Rescue Face Mask 50ml,"gras, uscat"
552,Garnier Pure Active Anti Blackhead Charcoal Mask Peel Off,"acneic, gras, uscat"
553,Chantecaille Jasmine & Lily Healing Mask,uscat
554,Omorovicza Deep Cleansing Mask (50ml),"acneic, gras, uscat"
555,Sukin Oil Balancing + Charcoal Anti-Pollution Facial Masque 100ml,"gras, uscat"
556,La Roche-Posay Hydraphase Intense Masque 50ml,uscat
557,Peter Thomas Roth Pumpkin Enzyme Mask 150ml,uscat
558,AHAVA Single Use Hydration Cream Mask 8ml,"acneic, gras, uscat"
559,Sanctuary Spa 5 Minute Thermal Charcoal Detox Mask 75ml,"gras, uscat"
560,Shiseido Benefiance Pure Retinol Express Smoothing Eye Mask x 12 Sachets,"acneic, uscat"
561,Murad Pore Extractor Pomegranate Mask,"acneic, gras, uscat"
562,Holika Holika Skin Rescuer Mask Sheet - Vita C,"acneic, gras, uscat"
563,BARBER PRO Gentlemen's Sheet Mask Rejuvenating and Hydrating with Anti-Ageing Collagen,"gras, uscat"
565,Project Lip Mask,uscat
567,Antipodes Halo Skin Brightening Facial Mud Mask 75g,"acneic, gras, uscat"
569,L'Oréal Paris Pure Clay Glow Face Mask 50ml,"gras, uscat"
570,The Ordinary Lactic Acid 10% + HA 2% Superficial Peeling Formulation 30ml,"acneic, gras, uscat"
571,The Ordinary Lactic Acid 5% + HA 2% Superficial Peeling Formulation 30ml,"acneic, gras, uscat"
572,The INKEY List Apple Cider Vinegar Acid Peel 30ml,"acneic, gras, uscat"
573,Elemis Papaya Enzyme Peel 50ml,"acneic, gras, uscat"
574,AHAVA Single Use Facial Renewal Peel 8ml,uscat
575,PIXI Peel and Polish,"acneic, gras"
576,Elizabeth Arden Visible Difference Peel & Reveal Revitalizing Mask (50ml),necunoscut
577,Murad Replenishing Multi-Acid Peel 100ml,"acneic, gras, uscat"
578,Peter Thomas Roth FirmX Peeling Gel 100ml,uscat
579,Murad Intensive-C Radiance Peel 50ml,acneic
580,Peter Thomas Roth Peptide 21 Amino Acid Exfoliating Peel Pads - 60 Pads,"acneic, gras"
581,Lancer Skincare Caviar Lime Acid Peel 50ml,"acneic, gras, uscat"
582,Alpha-H Beauty Sleep Power Peel 50ml,"acneic, gras, uscat"
583,Elemis Peptide4 Overnight Radiance Peel 30ml,"acneic, gras, uscat"
584,PIXI Hydrating Milky Peel 80ml,uscat
585,Embryolisse Gentle Night Peeling Care Radiance Secret 40ml,uscat
586,Estée Lauder Perfectionist Pro Instant Resurfacing Peel with 9.9% AHAs + BHA,"acneic, gras"
589,Dermalogica Rapid Reveal Peel,"acneic, gras, uscat"
590,Radical Skincare Detox Charcoal Enzyme Peel 50ml,"acneic, gras, uscat"
591,Polaar Northern Light Micro-Peeling Foam 100ml,uscat
592,Omorovicza Blue Diamond Peel (50ml),"acneic, gras, uscat"
593,VERSO Enzyme Peel 50ml,"acneic, gras, uscat"
594,Natura Bissé Glyco Extreme Peel 30ml,"acneic, gras, uscat"
595,Natura Bissé Tolerance Enzyme Peel 50ml,"acneic, gras, uscat"
596,Mavala Skin Vitality Beauty Enhancing Micro-Peel 65ml,uscat
597,Goldfaden MD Fresh A Peel Multi Acid Resurfacing Peel 50ml,"acneic, gras"
598,Manuka Doctor ApiClear Facial Peel 100ml,"gras, uscat"
599,Comfort Zone Sublime Skin Peel Pad (14 Pack),"acneic, gras, uscat"
600,Recipe for Men Peeling Mask,"acneic, gras, uscat"
601,Comfort Zone Essential Peeling 60ml,uscat
602,CeraVe Eye Repair Cream 14ml,"acneic, gras, uscat"
603,The INKEY List Caffeine Eye Serum 15ml,uscat
604,Avène Soothing Eye Contour Cream 10ml,uscat
605,Bobbi Brown Extra Eye Repair Cream 15ml,uscat
606,Antipodes Kiwi Seed Oil Eye Cream 30ml,uscat
607,La Roche-Posay Toleriane Ultra Eyes (20ml),"acneic, gras, uscat"
608,Bobbi Brown Hydrating Eye Cream 15ml,uscat
609,First Aid Beauty Skin Lab Retinol Eye Cream with Triple Hyaluronic Acid 15ml,"acneic, uscat"
610,Medik8 Retinol Eye TR Serum 7ml,acneic
611,Clinique All About Eyes Eye Cream 15ml,"gras, uscat"
612,Clinique Moisture Surge Eye 96-Hour Hydro-Filler Concentrate 15ml,"acneic, gras, uscat"
613,VICHY Minéral 89 Eyes Hyaluronic Acid +Caffeine 15ml,uscat
614,La Roche-Posay Redermic [R] Retinol Eye Cream 15ml,"acneic, uscat"
615,Liz Earle Eyebright Soothing Eye Lotion 150ml Bottle,uscat
616,PIXI Retinol Eye Cream 25ml,"acneic, uscat"
617,Elemis Pro-Collagen Advanced Eye Treatment (15ml),uscat
618,L’Oréal Paris Revitalift Filler Renew Eye Cream (15ml),uscat
619,Bulldog Age Defence Eye Roll-On 15ml,uscat
620,La Roche-Posay Hydraphase Intense Eyes 15ml,uscat
621,Balance Me Wonder Eye Cream 15ml,uscat
622,Medik8 C-Tetra Eye Serum 7ml,necunoscut
623,Fade Out Advanced Even Skin Tone Eye Defence Cream 15ml,"acneic, gras, uscat"
624,Estée Lauder Advanced Night Repair Matrix Synchronized Recovery Eye Concentrate 15ml,uscat
625,L'Oréal Paris Dermo Expertise Revitalift Anti-Wrinkle + Firming Eye Cream (15ml),uscat
626,DHC Revitalizing Moisture Strip: Eyes - 6 Applications,uscat
627,Lancôme Advanced Génifique Eye Care 15ml,uscat
628,La Roche-Posay Hyalu B5 Eyes 15ml,uscat
629,Estée Lauder Daywear Eye Cooling Anti-Oxidant Moisture Gel Créme,uscat
630,Elemis Pro-Collagen Eye Renewal 15ml,uscat
631,Medik8 Advanced Night Eye 15ml,"acneic, gras, uscat"
632,GLAMGLOW Bright Eyes Cream 15ml,"gras, uscat"
633,PIXI 24K Eye Elixir 10ml,uscat
634,Caudalie VineActiv Energizing and Smoothing Eye Cream 15ml,uscat
635,Murad Resurgence Renewing Eye Cream (15ml),"acneic, uscat"
636,La Roche-Posay Pigmentclar Eyes 15ml,"acneic, gras, uscat"
637,Avene Gentle Eye Make-Up Remover 125ml,necunoscut
638,REN Clean Skincare Keep Young and Beautiful Firm and Lift Eye Cream,uscat
639,L'Oréal Paris Gentle Eye Make-Up Remover 125ml,uscat
640,DECLÉOR Jasmine Eye Cream 15ml,"acneic, gras, uscat"
641,Dermalogica Multivitamin Power Firm 15ml,necunoscut
642,Clinique Repairwear Anti-Gravity Eye Cream 15ml,uscat
644,Lumene Nordic Hydra [Lähde] Purity Dew Drops Hydrating Eye Gel 15ml,uscat
645,L'Oréal Paris Absolute Eye and Lip Make-Up Remover 125ml,uscat
646,Elemis Peptide Eye Recovery Cream 15ml,uscat
647,Goldfaden MD Bright Eyes Dark Circle Radiance Concentrate 15ml,uscat
649,Clinique Pep Start Eye Cream 15ml,uscat
650,Lancôme Rénergie Multi-Lift Eye Cream 15ml,"acneic, gras, uscat"
651,Bulldog Energising Eye Roll On 15ml,uscat
652,Avène Refreshing Eye Contour 15ml,uscat
653,Manuka Doctor ApiNourish Age-Defying Eye Cream 15ml,uscat
654,VICHY Aqualia Thermal Eye Awakening Balm (15ml),uscat
655,DECLÉOR Hydra Floral Everfresh Hydrating Wide-Open Eye Gel,"acneic, gras, uscat"
656,Medik8 Eyelift Peptides 15ml,uscat
657,Shiseido Exclusive Ultimune Eye Power Infusing Eye Concentrate 15ml,uscat
658,Dermalogica Total Eye Care 15ml,"acneic, gras, uscat"
659,Dermalogica Intensive Eye Repair (15ml),uscat
660,benefit It's Potent Brightening Eye Cream 14g,uscat
661,DECLÉOR Prolagène Lift Lavandula Iris - Lift and Firm Eye Care 15ml,uscat
662,Skin Doctors Instant Eyelift (10ml),uscat
663,Instant Effects Instant Eye Lift,uscat
664,Aesop Parsley Seed Anti-Oxidant Eye Serum 15ml,uscat
666,Medik8 r-Retinoate Day and Night Eye Serum 15ml,"acneic, gras, uscat"
667,Origins GinZing Refreshing Eye Cream to Brighten and Depuff On-the-Go 10ml,uscat
668,Estée Lauder Resilience Multi-Effect Tri-Peptide Eye Crème 15ml,necunoscut
669,SVR Palpebral by Topialyse Eye Cream 15ml,necunoscut
670,Liz Earle Superskin Eye Cream 15ml,uscat
671,bareMinerals Ageless Genius Firming and Wrinkle Smoothing Eye Cream 15g,uscat
672,Clinique for Men Super Energizer Anti-Fatigue Depuffing Eye Gel 15ml,uscat
673,Clinique Naturally Gentle Eye Make-Up Remover 75ml,necunoscut
675,Zelens Triple Action Advanced Eye Cream,uscat
676,Clinique Superdefense SPF20 Age Defense Eye Cream 15ml,uscat
677,KLORANE Eye Make-Up Remover with Organically Farmed Cornflower 200ml,uscat
678,Peter Thomas Roth Retinol Eye Care 15ml,"acneic, uscat"
679,Clinique Rinse-Off Eye Makeup Solvent 125ml,necunoscut
680,Sukin Purely Ageless Eye Cream 20ml,"acneic, gras, uscat"
681,SkinCeuticals A.G.E. Eye Complex Cream 15ml,uscat
682,Benton Fermentation Eye Cream 30g,uscat
683,Estée Lauder Take It Away Gentle Eye and Lip Longwear Makeup Remover 100ml,necunoscut
684,Sarah Chapman Lash Boosting Eye Cleanse 70ml,uscat
685,Sanctuary Spa Power Peptide Awakening Eye Serum 15ml,uscat
686,Eucerin® Anti-Age Hyaluron-Filler Eye Cream SPF 15 + UVA Protection (15ml),uscat
687,RapidEye Firming Wrinkle Smoother 15ml,"acneic, uscat"
688,Dermalogica Stress Positive Eye Lift 25ml,"acneic, gras, uscat"
689,Aesop Parsley Seed Anti-Oxidant Eye Cream 10ml,uscat
690,SVR Densitium Lifting + Firming Eye Contour Cream -15ml,"acneic, gras, uscat"
691,Lumene Nordic C [Valo] Bright Eyes All-In-One Treatment 15ml,uscat
692,Perricone MD Essential Fx Acyl-Glutathione: Eyelid Lift Serum,uscat
694,First Aid Beauty 5-in-1 Eye Cream (14.1ml),"acneic, gras, uscat"
695,SkinCeuticals AOX+ Eye Gel 15ml,uscat
696,MAC Fast Response Eye Cream 15ml,gras
697,Dr. Brandt No More Baggage 15g,uscat
698,Sukin Eye Serum (30ml),uscat
699,VICHY LiftActiv Serum 10 Eyes & Lashes 15ml,uscat
700,Perricone MD Cold Plasma Plus Eye Cream 15ml,uscat
702,CeraVe Hydrating Cleanser 236ml,uscat
703,CeraVe Hydrating Cleanser 473ml,uscat
704,The Ordinary Squalane Cleanser Supersize Exclusive 150ml,uscat
705,CeraVe Foaming Facial Cleanser 473ml,"acneic, gras, uscat"
706,CeraVe Smoothing Cleanser 236ml,"acneic, gras, uscat"
707,COSRX Salicylic Acid Daily Gentle Cleanser 170g,"acneic, gras, uscat"
708,Elemis Pro-Collagen Cleansing Balm 105g,uscat
710,La Roche-Posay Effaclar H Hydrating Cleansing Cream (200ml),"acneic, gras, uscat"
711,La Roche-Posay Effaclar Purifying Cleansing Gel 200ml,gras
712,La Roche-Posay Effaclar Cleansing Gel 400ml,gras
713,Emma Hardie Moringa Cleansing Balm with Professional Cleansing Cloth 100ml,uscat
714,Clinique Take the Day off Cleansing Balm 30ml,necunoscut
715,Clinique Liquid Facial Soap Mild 200ml,necunoscut
716,Elemis Dynamic Resurfacing Facial Wash 200ml,uscat
717,First Aid Beauty Face Cleanser (142g),uscat
718,Garnier Micellar Water Facial Cleanser and Makeup Remover for Sensitive Skin 400ml,uscat
719,Caudalie Duo Foaming Cleanser (2 x 150ml) (Worth £30),uscat
720,Liz Earle Cleanse & Polish 100ml Pump,uscat
722,Caudalie Vinopure Purifying Gel Cleanser 150ml,"acneic, gras, uscat"
723,Bulldog Original Face Wash 150ml,uscat
724,Neutrogena Hydro Boost Water Gel Cleanser 200ml,uscat
725,OSKIA Renaissance Cleansing Gel (100ml),uscat
726,NIP+FAB Teen Skin Fix Pore Blaster Night Wash 145ml,"acneic, gras, uscat"
727,Elemis Superfood Cleansing Wash 150ml,uscat
728,Bioderma Hybrabio H2O 500ml Duo Pack,"acneic, gras, uscat"
729,La Roche-Posay Toleriane Dermo-Cleanser 200ml,uscat
730,Liz Earle Cleanse & Polish 200ml Tube,uscat
731,Origins Checks and Balances Frothy Face Wash 150ml,uscat
732,Avène Cleanance Cleansing Gel 200ml,necunoscut
733,Avene Face Essentials Cleansing Foam 150ml,"acneic, gras"
734,Clinique Anti Blemish Solutions Cleansing Foam 125ml,"acneic, gras, uscat"
735,Neutrogena® Oil Balancing Facial Wash 200ml,"acneic, gras, uscat"
736,Bulldog Oil Control Face Wash 150ml,uscat
737,Eve Lom Cleanser 200ml,uscat
738,REN Clean Skincare Rosa Centifolia Cleansing Gel,"acneic, gras, uscat"
739,Dr Dennis Gross Alpha Beta Pore Perfecting Cleansing Gel 60ml,"acneic, gras, uscat"
740,La Roche-Posay Cicaplast B5 Anti-Bacterial Cleansing Wash 200ml,uscat
741,Caudalie Instant Foaming Cleanser (150ml),uscat
742,COSRX Low pH Good Morning Cleanser 150ml,uscat
743,Aesop Amazing Face Cleanser 200ml,uscat
744,philosophy Purity One-Step Facial Cleanser 480ml,uscat
745,VICHY Normaderm Deep Cleansing Purifying Gel 200ml,"acneic, gras"
746,NIP+FAB Teen Skin Fix Pore Blaster Day Wash 145ml,"acneic, gras, uscat"
747,Clinique Liquid Facial Soap Oily Skin Formula 200ml,necunoscut
748,Clinique Rinse-Off Foaming Cleanser 150ml,uscat
749,Avène Gentle Milk Cleanser,necunoscut
750,Bulldog Sensitive Face Wash 150ml,uscat
751,Garnier Micellar Gel Face Wash Sensitive Skin 200ml,uscat
752,Sukin Foaming Facial Cleanser (125ml),uscat
753,Clinique for Men Face Wash 200ml,necunoscut
754,Neutrogena Pink Grapefruit Medicated Facial Wipes,"acneic, gras"
755,Murad Clarifying Cleanser 200ml,"acneic, gras"
756,L'Oréal Paris Fine Flowers Cleansing Wash 150ml,uscat
757,Clinique Redness Solutions Soothing Cleanser 150ml,uscat
758,REN Evercalm™ Gentle Cleansing Milk 150ml,uscat
759,Bulldog Original 2-in-1 Beard Shampoo and Conditioner 200ml,uscat
760,La Roche-Posay Effaclar Micellar Water 200ml,"gras, uscat"
762,Elemis Balancing Lime Blossom Cleanser 200ml,uscat
763,PIXI Glow Tonic Cleansing Gel 135ml,"acneic, gras, uscat"
764,Medik8 Pore Cleanse Gel Intense 150ml,"acneic, gras, uscat"
765,DHC Face Wash Powder (50g),necunoscut
766,bareMinerals Clay Chameleon Transforming Purifying Cleanser 120g,"gras, uscat"
767,Caudalie Micellar Cleansing Water 400ml ,uscat
768,Garnier Pure Active 3in1 Charcoal Blackhead Mask Wash Scrub 150ml,"acneic, gras, uscat"
769,PIXI Vitamin-C Juice Cleanser 150ml,"acneic, gras, uscat"
770,Lancôme Crème Mousse Confort Creamy Foaming Cleanser 125ml,"acneic, gras, uscat"
771,Eve Lom Cleanser 100ml,uscat
772,PIXI Glow Mud Cleanser 135ml,"acneic, gras, uscat"
773,La Roche-Posay Toleriane Foaming Gel Cleanser 150ml,uscat
774,Garnier Vitamin Enriched Cleansing Wipes (25 Pack),uscat
775,Clinique for Men Charcoal Face Wash 200ml,"gras, uscat"
776,Avene Antirougeurs Clean Cleanser 200ml,necunoscut
777,Lancôme Gel Eclat Express Clarfying Self-Foaming Cleanser 125ml,necunoscut
778,philosophy Purity One-Step Facial Cleanser 240ml,uscat
779,Bulldog Energising Face Wash 150ml,uscat
782,Antipodes Hallelujah Lime & Patchouli Cleanser 200ml,uscat
783,Filorga Foam Cleanser 150ml,uscat
784,Estée Lauder Nutritious Super-Pomegranate Radiant Energy 2-In-1 Cleansing Foam 125ml,uscat
785,Garnier Micellar Water Oil Infused Facial Cleanser and Makeup Remover 400ml,necunoscut
786,Omorovicza Cleansing Foam Duo,uscat
787,VICHY Purete Thermale Fresh Cleansing Gel 200ml,uscat
789,Sukin Blemish Control Clearing Facial Wash 125ml,uscat
790,Origins GinZing Refreshing Scrub Cleanser 150ml,uscat
791,L'Oréal Paris Fine Flowers Cleansing Milk 400ml,necunoscut
792,Erno Laszlo Sea Mud Deep Cleansing Bar (100g),"gras, uscat"
794,Elemis Sensitive Cleansing Wash 200ml,uscat
796,Emma Hardie Moringa Light Cleansing Gel 100ml,uscat
797,Caudalie Instant Foaming Cleanser (50ml),uscat
798,Neutrogena Hydro Boost Cleanser Wipes (25 Wipes),uscat
799,Garnier Pure Active Anti Blemish Soap Free Gel Wash Sensitive Skin 150ml,"acneic, gras"
800,Clinique Anti Blemish Solutions Cleansing Gel 125ml,"acneic, gras, uscat"
801,Pai Skincare Light Work Rosehip Cleansing Oil 145ml,necunoscut
802,The Ordinary Squalane Cleanser 50ml,uscat
803,PIXI Makeup Melting Cleansing Cloths (40 Wipes),uscat
804,Gallinée Prebiotic Foaming Facial Cleanser 120ml,"acneic, gras, uscat"
805,bareMinerals Pure Plush Cleansing Foam,uscat
806,ESPA Optimal Skin ProCleanser 100ml,uscat
808,DECLÉOR Cleansing Milk 200ml,uscat
810,Gallinée Prebiotic Cleansing Bar 100g,"acneic, gras"
811,Neal's Yard Remedies Rehydrating Rose Facial Wash 100ml,uscat
812,L'Oréal Paris Age Perfect Cleansing Wipes for Mature Skin (25 Wipes),uscat
813,L'Oréal Paris Fine Flowers Sensitive Skin Cleansing Face Wipes x 25,uscat
814,Avene Cold Cream Ultra Rich Cleansing Bar,necunoscut
816,Erno Laszlo Phelityl Cleansing Bar (100g),uscat
817,PIXI Glow Tonic 250ml,"acneic, gras, uscat"
818,PIXI Retinol Tonic 100ml,"acneic, uscat"
819,La Roche-Posay Effaclar Clarifying Lotion 200ml,"acneic, gras, uscat"
820,La Roche-Posay Serozinc Toner 50ml,necunoscut
821,Caudalie Supersize Grape Water (200ml),necunoscut
822,Liz Earle Instant Boost Skin Tonic 200ml Bottle,uscat
823,PIXI Retinol Tonic 250ml,"acneic, uscat"
824,PIXI Rose Tonic 100ml,uscat
825,Avène Gentle Toner 200ml,necunoscut
826,Natio Rosewater & Chamomile Gentle Skin Toner (250ml),uscat
827,Clinique Clarifying Lotion 2 200ml,uscat
828,Clinique Clarifying Lotion 2 400ml,uscat
829,PIXI Rose Tonic 250ml,uscat
830,Gallinée Prebiotic Face Vinegar 200ml,"acneic, gras, uscat"
831,Sukin Hydrating Mist Toner (125ml),uscat
832,Caudalie Grape Water 75ml,necunoscut
833,La Roche-Posay Soothing Lotion 200ml,uscat
834,NIP+FAB Salicylic Fix Tonic XXL Extreme 2% 190ml,"acneic, gras, uscat"
835,PIXI Milky Tonic 100ml,uscat
836,L'Oréal Paris Fine Flowers Cleansing Toner 400ml,uscat
837,Estée Lauder Perfectly Clean Multi-Action Toning Lotion/Refiner 200ml,"gras, uscat"
840,Estée Lauder Micro Essence Skin Activating Treatment Lotion Fresh with Sakura Ferment 200ml,uscat
841,Lancôme Tonique Confort Toner 200ml,uscat
842,Lancôme Tonique Confort Toner 400ml,uscat
843,OSKIA Floral Water Toner 30ml,uscat
844,First Aid Beauty Ultra Repair Wild Oat Soothing Toner 180ml,uscat
846,Caudalie Moisturising Toner (100ml),uscat
847,Garnier Organic Thyme Toner 150ml,"acneic, gras, uscat"
848,DECLÉOR Aroma Cleanse Essential Tonifying Lotion (200ml),uscat
849,NUXE Lotion Tonique Douce - Gentle Toning Lotion (200ml),uscat
850,REN Clean Skincare Clarimatte Clarifying Toner,necunoscut
851,Sanctuary Spa Daily Glow Radiance Tonic 150ml,"acneic, gras, uscat"
852,PIXI Milky Tonic 250ml,uscat
853,GLAMGLOW Supertoner 200ml,"acneic, gras"
854,OSKIA Floral Water Toner 150ml,uscat
855,Neal's Yard Remedies Rehydrating Rose Toner 200ml,uscat
857,Sukin Mist Lavender Toner 125ml,uscat
858,Elizabeth Arden Ceramide Purifying Toner (200ml),uscat
859,Garnier Natural Rose Water Toner for Sensitive Skin 200ml,"acneic, gras, uscat"
860,Lancôme Tonique Douceur Toner 200ml,uscat
861,Lancôme Tonique Douceur Toner 400ml,uscat
862,Murad Hydrating Toner 180ml,uscat
863,NIP+FAB Vitamin C Fix Tonic 100ml,"acneic, gras, uscat"
865,NIP+FAB Retinol Fix Tonic Extreme 100ml,uscat
866,Darphin Intral Toner (200ml),necunoscut
868,MÁDARA Balancing Toner 200ml,"acneic, gras, uscat"
869,Natio Rehydrating Toner (200ml),uscat
871,The Organic Pharmacy Herbal Toner 100ml,necunoscut
872,Oh K! SOS PH Balancing Gel Toner,uscat
873,Holika Holika Good Cera Super Ceramide Toner,"acneic, gras, uscat"
874,The Ritual of Namasté Clarifying Facial Toner,uscat
876,Mavala Clean & Comfort Caress Toning Lotion 200ml,uscat
877,Mavala Pore Detox Perfecting Toning Lotion 200ml,uscat
878,Weleda Refining Toner (100ml),necunoscut
880,Avant Skincare Proactive Mandelic Acid Restoring and Anti-Pollution Toner 200ml,"acneic, gras, uscat"
881,Garnier Natural Aloe Extract Toner for Normal Skin 200ml,"acneic, gras, uscat"
882,StriVectin Tri-Phase Daily Glow Toner 147ml,"acneic, gras, uscat"
883,Holika Holika Prime Youth Black Snail Repair Toner,"acneic, gras, uscat"
885,RENU Soft Touch Toner 180ml,uscat
886,Holika Holika AC MILD Toner,uscat
887,Embryolisse Eau De Beaute Rosamelis - Flower Waters Toner 50ml,"acneic, gras, uscat"
888,Holika Holika Less On Skin Toner,uscat
889,By Terry Detoxilyn City Essence Toner,necunoscut
890,First Aid Beauty KP Bump Eraser Body Scrub with 10% AHA 226ml,"acneic, gras, uscat"
891,Neutrogena Refreshingly Clear Daily Exfoliator 150ml,uscat
892,Frank Body Original Coffee Scrub 200g,necunoscut
893,Clinique 7 Day Scrub Cream Rinse-Off Formula 100ml,necunoscut
894,Liz Earle Gentle Face Exfoliator 70ml Pump,uscat
895,Sukin Super Greens Facial Scrub 125ml,uscat
896,Avene Gentle Exfoliating Scrub 75ml,"acneic, gras, uscat"
897,Frank Body Shimmer Scrub 220g,necunoscut
898,Clinique Exfoliating Scrub 100ml,"acneic, gras"
899,Neutrogena Oil Balancing Daily Exfoliator 150ml,uscat
900,Frank Body Coconut Coffee Scrub 200g,necunoscut
901,Neutrogena Hydro Boost Exfoliator Smoothing Gel 150ml,"acneic, gras, uscat"
902,JASON Brightening Apricot Scrubble (128ml),uscat
903,Frank Body Original Face Scrub Pouch,"gras, uscat"
904,Origins Modern Friction™ Exfoliator 75ml,uscat
906,Frank Body Peppermint Scrub 200g,uscat
907,Elizabeth Arden Visible Difference Skin Balancing Exfoliating Cleanser (125ml),uscat
908,Sanctuary Spa Complexion Perfecting Radiance Mini Exfoliator 15ml,uscat
909,ELEMIS Superfood Blackcurrant Jelly Exfoliator 50ml,uscat
910,DECLÉOR Phytopeel - Natural Exfoliating Cream (50ml),necunoscut
911,Frank Body Lip Scrub 15ml,necunoscut
912,NIP+FAB Glycolic Fix Exfoliating Mask 18g,"acneic, gras, uscat"
913,NYX Professional Makeup This is Everything Lip Scrub,uscat
914,Garnier Pure Active Daily Energising Gel Scrub for Oily Skin 150ml,"acneic, gras, uscat"
915,DECLÉOR 1000 Grain Body Exfoliator (200ml),necunoscut
916,Frank Body Cacao Coffee Scrub 200g,necunoscut
917,L'Oréal Paris Smooth Sugars Glowing Sugar Scrub 50ml,uscat
918,Mama Mio The Tummy Rub Scrub 180ml,"acneic, gras, uscat"
919,Lancôme Confort Hydrating Gentle Sugar Scrub 100ml,"acneic, gras, uscat"
920,Sukin Energising Body Scrub with Coffee and Coconut 200ml,uscat
921,benefit Smooth It Off 2-in-1 Facial Cleansing Exfoliator ,uscat
922,bareMinerals Poreless Exfoliating Essence 150ml,uscat
923,Frank Body Creamy Face Scrub 125ml,"gras, uscat"
924,Gallinée Prebiotic Face Mask and Scrub 100ml,"acneic, gras, uscat"
925,Dr Brandt Microdermabrasion Skin Exfoliant (60g),"acneic, gras, uscat"
926,Filorga Scrub and Mask 55ml,"acneic, gras"
927,Sanctuary Spa Complexion Perfecting Radiance Exfoliator 100ml,uscat
928,Indeed Labs Exfoliator II 75g,uscat
929,The Ritual of Namasté Skin Brightening Face Exfoliator,uscat
930,Natio Gentle Facial Scrub (100g),uscat
931,NUXE Fondant Body Scrub (200ml),uscat
932,DHC Facial Scrub (100g),uscat
933,L'Oréal Paris Smooth Sugar Wake-Up Coffee Face and Lip Scrub 50ml,uscat
934,Oh K! Chok Chok Shimmer Face Scrub,uscat
935,Holika Holika Pig Nose Clear Blackhead Cleansing Sugar Scrub,"gras, uscat"
936,MAC Mineralize Volcanic Ash Exfoliator,uscat
937,L'Oréal Paris Smooth Sugars Nourishing Sugar Scrub 50ml,uscat
938,Natio Dual Action Cleanser And Exfoliator (100g),uscat
939,Polaar Arctic Cotton Gentle Scrub 50ml,uscat
940,Löwengrip Purify my Skin Facial Scrub 75ml,"acneic, gras, uscat"
941,ilapothecary Powerful Purifying Face Scrub 50g,uscat
942,Chantecaille Hibiscus and Bamboo Exfoliating Cream,"acneic, gras, uscat"
943,Avant Skincare Velvet Perfecting Rose Sugar Lip Scrub 10ml,uscat
944,Löwengrip Advanced Skin Care Cell Renewal Facial Exfoliant 75ml,"acneic, gras"
945,Talika Skintelligence Hydra Face Gentle Scrub 50ml,"acneic, gras, uscat"
947,Westlab Epsom Salt 1kg,necunoscut
948,Westlab Epsom Salt 5kg,necunoscut
949,Westlab Dead Sea Salt 1kg,necunoscut
950,Westlab Dead Sea Salt 5kg,necunoscut
951,Westlab Epsom Salt 2kg,necunoscut
952,Westlab Sleep Bathing Salts 1kg,necunoscut
953,Westlab Himalayan Salt 1kg,necunoscut
954,Westlab Recover Bathing Salts 1kg,necunoscut
955,Westlab Mindful Bathing Salts 1kg,necunoscut
956,Westlab Reviving Epsom Salt Bath Fizzer,necunoscut
957,Westlab Relaxing Dead Sea Salt Bath Fizzer,necunoscut
958,Westlab Cleanse Bathing Salts 1kg,necunoscut
961,Westlab Himalayan Salt 5kg,necunoscut
962,Westlab Cleansing Himalayan Salt Bath Fizzer,necunoscut
963,AHAVA Liquid Dead Sea Salt 200ml,necunoscut
964,Sea Magik Salted Turmeric Serenity Salts 1kg,necunoscut
965,Sanctuary Spa Exquisite Bath Salts (Rose Radiance) 350g,necunoscut
966,Sea Magik Himalayan Spa Salts 1kg,necunoscut
970,Sea Magik Epsom Spa Salts 1kg,necunoscut
972,Sea Magik Epsom Spa Salts 5kg,necunoscut
973,Spa Magik Organiks Sleep Therapy Deep Sleep Lavender Bath Salts,uscat
974,Cowshed SLEEP Calming Bath Salts,uscat
975,Mauli Himalayan Healing Salts 460g,necunoscut
978,AHAVA Natural Dead Sea Bath Salts,necunoscut
979,"L:A BRUKET Marigold, Orange and Geranium Sea Salt Bath 450g",necunoscut
981,ila-spa Bath Salts for Cleansing 500g,necunoscut
982,Sea Magik Himalayan Spa Salts 5kg,necunoscut
983,Westlab Cleansing Shower Wash with Pure Himalayan Salt Minerals 400ml,uscat
984,Westlab Reviving Shower Wash with Pure Epsom Salt Minerals 400ml,uscat
986,Bulldog Lemon & Bergamot Shower Gel 500ml,uscat
987,Molton Brown Coastal Cypress & Sea Fennel Bath and Shower Gel 300ml,uscat
988,Molton Brown Black Peppercorn Body Wash 300ml,uscat
989,Bulldog Peppermint & Eucalyptus Shower Gel 500ml,uscat
990,Molton Brown Delicious Rhubarb and Rose Bath and Shower Gel (300ml),"acneic, gras, uscat"
991,Elizabeth Arden White Tea Shower Gel 400ml,necunoscut
992,Bulldog Original Shower Gel 500ml,uscat
993,L'Oréal Paris Men Expert Total Clean Shower Gel 300ml,"acneic, gras, uscat"
994,Molton Brown Fiery Pink Bath and Shower Gel 300ml,necunoscut
995,Jo Malone London Lime Basil and Mandarin Soap 100g,uscat
996,ESPA Bergamot and Jasmine Bath and Shower Gel 250ml,necunoscut
997,Molton Brown Orange & Bergamot Bath and Shower Gel,uscat
998,Sanctuary Spa Classic Body Wash 250ml,uscat
999,Sukin Botanical Body Wash (500ml),uscat
1000,Molton Brown Russian Leather Bath & Shower Gel 300ml,uscat
1001,Burt's Bees Baby Bee Shampoo & Body Wash (236ml),uscat
1002,Bulldog Black Pepper & Vetiver Shower Gel 500ml,uscat
1003,Rituals The Ritual of Sakura Foaming Shower Gel (200ml),uscat
1005,Molton Brown Ylang-Ylang Bath and Shower Gel 300ml,uscat
1006,Bioderma Atoderm Shower Gel 1L,uscat
1007,Molton Brown Tobacco Absolute Bath and Shower Gel (300ml),uscat
1008,La Roche-Posay Lipikar Syndet AP(+) Shower Gel 400ml,"acneic, gras, uscat"
1009,DECLÉOR Luxury Size Neroli Shower Gel 400ml,"acneic, gras, uscat"
1010,Bondi Sands Body Wash - Coconut 500ml,uscat
1011,Molton Brown Eucalyptus Body Wash,uscat
1012,Molton Brown Oudh Accord and Gold Body Wash (300ml),uscat
1014,L'Oréal Paris Men Expert Hydra Power Shower Gel 300ml,"acneic, gras, uscat"
1017,Aveeno Baby Daily Care Baby Gentle Wash 500ml,uscat
1018,L'Oréal Paris Men Expert Clean Power Shower Gel 300ml,"acneic, gras, uscat"
1019,Weleda Baby Calendula Shampoo and Body Wash (200ml),"acneic, gras, uscat"
1020,Bioderma Pigmentbio Brightening Face and Body Cleanser 200ml,"acneic, gras"
1021,Aveeno Daily Moisturising Yogurt Body Wash Vanilla & Oat Scented 300ml,"acneic, gras, uscat"
1022,Rituals The Ritual of Ayurveda Foaming Shower Gel 200ml,necunoscut
1023,Bioderma Atoderm Shower Oil 200ml,"acneic, gras, uscat"
1024,Aveeno Baby Daily Care Hair & Body Wash 500ml,uscat
1025,Rituals The Ritual of Ayurveda Shower Oil 200ml,necunoscut
1026,L'Oréal Paris Men Expert Cool Power Shower Gel 300ml,"acneic, gras, uscat"
1027,Molton Brown Vetiver & Grapefruit Bath and Shower Gel 300ml,uscat
1030,Sanctuary Spa Body Wash 75ml,uscat
1032,Jo Malone London Peony and Blush Suede Body and Hand Wash 250ml,necunoscut
1033,REN Moroccan Rose Otto Body Wash,"acneic, gras, uscat"
1034,L'Oréal Paris Men Expert Hydra Energetic Shower Gel 300ml,uscat
1035,ManCave Cedarwood Shower Gel 200ml,uscat
1036,Aveeno Skin Relief Moisturising Body Wash 500ml,uscat
1038,Rituals The Ritual of Happy Buddha Shower Oil 200ml,necunoscut
1039,Sanctuary Spa Classic 12 Hour Shower Cream 250ml,uscat
1040,Aveeno Daily Moisturising Body Wash 300ml,uscat
1041,DECLÉOR Luxury Size Lavender Shower Gel 400ml,"acneic, gras, uscat"
1042,Pai Skincare Gentle Genius Camellia and Bergamot Body Wash 200ml,"acneic, gras, uscat"
1043,REN Clean Skincare Atlantic Kelp and Magnesium Anti-Fatigue Body Wash 300ml - Ocean Plastic,uscat
1044,AMELIORATE Nourishing Body Wash 60ml,"acneic, gras, uscat"
1045,Bloom & Blossom James' Sweet Peach Handwash,necunoscut
1046,Bioderma Atoderm Intensive Foaming Gel 500ml,"acneic, gras"
1047,Aesop Animal Body Wash 500ml,uscat
1048,ESPA Energising Bath and Shower Gel 250ml,uscat
1049,Molton Brown Bushukan Bath and Shower Gel,uscat
1050,JASON Soothing Aloe Vera Body Wash 887ml,uscat
1051,DECLÉOR Luxury Size Rose Shower Gel 400ml,"acneic, gras, uscat"
1052,NEOM Tranquillity Body & Hand Wash 250ml,uscat
1053,Aveeno Baby Dermexa Moisturising Wash 300ml,uscat
1054,ManCave Lemon and Oak Shower Gel 200ml,uscat
1055,Shea Moisture 100% Virgin Coconut Oil Daily Hydration Body Wash 384ml,uscat
1056,JASON Purifying Tea Tree Body Wash 887ml,uscat
1057,Molton Brown Milk Musk Bath and Shower Gel 300ml,uscat
1058,Molton Brown Flora Luminare Bath & Shower Gel 300ml,uscat
1061,Sol de Janeiro Coco Cabana Shower Gel 90ml,necunoscut
1062,Aromatherapy Associates De-Stress Shower Oil 250ml,necunoscut
1063,Australian Bodycare Body Wash 500ml,uscat
1064,Rituals The Ritual of Karma Shower Oil 200ml,necunoscut
1065,OUAI Body Cleanser 300ml,uscat
1066,Aromatherapy Associates Rose Shower Oil 250ml,necunoscut
1067,Sukin Botanical Lime & Coconut Body Wash 500ml,uscat
1068,Sol de Janeiro Coco Cabana Shower Gel 385ml,necunoscut
1071,JASON Glowing Apricot Body Wash 887ml,uscat
1072,Elizabeth Arden Green Tea Bath & Shower Gel (200ml),necunoscut
1073,Jo Malone London Myrrh and Tonka Shower Oil 250ml,necunoscut
1074,Elemis Skin Nourishing Shower Cream 300ml,uscat
1075,Caudalie Soleil des Vignes Shower Gel 200ml,uscat
1076,Weleda Wild Rose Creamy Body Wash (200ml),"acneic, gras, uscat"
1077,NUXE Rêve de Miel Face and Body Ultra-Rich Cleansing Gel (400ml),uscat
1078,Caudalie Thé des Vignes Shower Gel 200ml,uscat
1080,Elemental Herbology Neroli and Rose Damask Body Wash,uscat
1081,Aromatherapy Associates Revive Shower Oil 250ml,necunoscut
1082,Elemis Frangipani Monoi Shower Cream 200ml,uscat
1083,Caudalie Thé des Vignes Shower Gel 100ml,uscat
1084,NUXE Fondant Shower Gel (200ml),uscat
1085,philosophy Amazing Grace Shower Gel 480ml,uscat
1086,this works Deep Sleep Shower Gel (250ml),uscat
1087,Laura Mercier Crème Brûlée Crème Body Wash 200ml,uscat
1089,L:A BRUKET No. 069 Hand & Body Wash 450ml - Lemongrass,uscat
1091,ManCave Sensitive Body Wash 200ml,uscat
1094,Caudalie Rose de Vigne Shower Gel 200ml,uscat
1095,Weleda Kids 2 in 1 Wash 150ml - Happy Orange,"acneic, gras, uscat"
1098,Cowshed RELAX Calming Bath & Shower Gel 300ml,uscat
1099,Balance Me Super Moisurising Body Wash 250ml,necunoscut
1102,Rituals The Ritual of Karma Foaming Shower Gel,uscat
1103,APIVITA Pure Jasmine Mini Shower Gel with Essential Oils 75ml,"acneic, gras, uscat"
1105,Caudalie Fleur de Vigne Shower Gel 100ml,uscat
1106,Sanctuary Spa Sleep Drift-Off Bath Soak 500ml,necunoscut
1108,Sanctuary Spa Foaming Bath Soak 75ml,uscat
1109,Aromatherapy Associates Relax Deep Relax Bath & Shower Oil (55ml),necunoscut
1110,Weleda Citrus Refreshing Bath Milk (200ml),necunoscut
1111,Burt's Bees Baby Bee Bubble Bath (350ml),uscat
1112,Neal's Yard Remedies Aromatic Foaming Bath 200ml,necunoscut
1113,Weleda Lavender Relaxing Bath Milk (200ml),uscat
1114,Sanctuary Spa Precious Bath Elixir (Rose Radiance),necunoscut
1115,Neal's Yard Remedies Soothing Bath Oil 100ml,necunoscut
1117,Aromatherapy Associates De-Stress Muscle Bath & Shower Oil (55ml),necunoscut
1118,Weleda Rosemary Invigorating Bath Milk (200ml),necunoscut
1119,Molton Brown Jasmine & Sun Rose Bathing Oil 200ml,necunoscut
1120,Aromatherapy Associates Revive Morning Bath & Shower Oil (55ml),necunoscut
1121,Aromatherapy Associates De-Stress Mind Bath & Shower Oil (55ml),necunoscut
1122,Aromatherapy Associates Support Equilibrium Bath & Shower Oil (55ml),necunoscut
1123,Molton Brown Orange and Bergamot Radiant Body Oil 100ml,necunoscut
1124,REN Moroccan Rose Otto Bath Oil,necunoscut
1125,Aromatherapy Associates Support Breathe Bath & Shower Oil (55ml),necunoscut
1126,Natio Wellness Shower & Bath Gel (275ml),necunoscut
1127,ilapothecary Beat the Blues Bath and Shower Oil 150ml,uscat
1128,Aromatherapy Associates Revive Evening Bath & Shower Oil 55ml,necunoscut
1129,Aromatherapy Associates Inner Strength Bath & Shower Oil (55ml),necunoscut
1130,Molton Brown Orange and Bergamot Radiant Bathing Oil 200ml,necunoscut
1132,ilapothecary Magnesium and Amethyst Deep Relax Bath Soak 400ml,necunoscut
1133,Little Butterfly London Floating on Clouds Bedtime Bath Milk 250ml,uscat
1135,Love Boo Splendidly Soothing Bath Soak (250ml),uscat
1136,Elemis Life Elixirs Fortitude Bath and Shower Elixir 100ml,necunoscut
1137,Connock London Kukui Oil Soothing Bath & Shower Oil 200ml,necunoscut
1138,Weleda Baby Calendula Cream Bath (200ml),uscat
