product_name,detected_allergens
The Ordinary Natural Moisturising Factors + HA 30ml,"alcool, conservanti"
CeraVe Facial Moisturising Lotion SPF 25 52ml,"alcool, sulfati, conservanti"
The Ordinary Hyaluronic Acid 2% + B5 Hydration Support Formula 30ml,conservanti
AMELIORATE Transforming Body Lotion 200ml,"parfum, alcool, ulei esential, conservanti"
CeraVe Moisturising Cream 454g,"alcool, sulfati, conservanti"
CeraVe Moisturising Lotion 473ml,"alcool, sulfati, conservanti"
CeraVe Facial Moisturising Lotion No SPF 52ml,"alcool, sulfati"
The Ordinary Natural Moisturizing Factors + HA 100ml,"alcool, conservanti"
CeraVe Smoothing Cream 177ml,"alcool, sulfati, conservanti"
Clinique Moisture Surge 72 Hour Moisturiser 75ml,conservanti
CeraVe Moisturising Cream 50ml,"alcool, sulfati, conservanti"
CeraVe Moisturising Cream 340g,"alcool, sulfati, conservanti"
First Aid Beauty Ultra Repair Cream (56.7g),"alcool, conservanti"
Avène Antirougeurs Jour Redness Relief Moisturizing Protecting Cream (40ml),"parfum, alcool, sulfati"
Clinique Dramatically Different Moisturising Lotion+ 125ml with Pump,"alcool, lanolina, conservanti"
First Aid Beauty Ultra Repair Cream (170g),"alcool, conservanti"
Weleda Skin Food (75ml),"parfum, alcool, lanolina, sulfati"
Neutrogena Hydro Boost City Shield SPF Moisturiser,"parfum, alcool, conservanti"
Egyptian Magic All Purpose Skin Cream 118ml/4oz,fara alergeni majori
JASON Aloe Vera 98% Moisturising Gel Tube 113g,"parfum, alcool"
CeraVe Moisturising Cream 177ml,"alcool, sulfati, conservanti"
Embryolisse Lait-Crème Concentré (75ml),parfum
La Roche-Posay Effaclar H Moisturiser 40ml,"parfum, alcool, conservanti"
Bulldog Original Moisturiser 100ml,"ulei esential, conservanti"
Clinique Dramatically Different Moisturising Gel 125ml with Pump,conservanti
La Roche-Posay Effaclar Duo+ SPF30 40ml,alcool
Avene Very High Protection B-Protect SPF 50+ 30ml,"parfum, alcool"
Avène Tolérance Extrême Emulsion 50ml,alcool
Estée Lauder DayWear Advanced Multi-Protection Anti-Oxidant Creme SPF15 N/C 50ml,"parfum, alcool, ulei esential, conservanti"
Embryolisse Lait-Crème Concentré (30ml),parfum
The Chemistry Brand Intense Youth Complex Hand Cream 100ml,"parfum, alcool, conservanti"
Avène Tolérance Extrême Cream 50ml,alcool
La Roche-Posay Toleriane Ultra Overnight Moisturiser 40ml,alcool
First Aid Beauty Hello FAB Coconut Water Cream,conservanti
Elemis Pro-Collagen Marine Cream SPF30 50ml,"parfum, alcool, ulei esential, conservanti"
Avène Aqua Gel 50ml,"parfum, sulfati"
La Roche-Posay Effaclar K(+) Anti-Blackhead Moisturiser 40ml,"parfum, alcool"
The INKEY List Snow Mushroom,conservanti
Weleda Skin Food (30ml),"parfum, alcool, lanolina, sulfati"
Egyptian Magic All Purpose Skin Cream 59ml/2oz,fara alergeni majori
La Roche-Posay Nutritic Intense Rich 50ml,"parfum, alcool, conservanti"
Origins GinZing™ Energy-Boosting Tinted Moisturiser SPF40 50ml,"alcool, ulei esential, conservanti"
Estée Lauder DayWear Multi-Protection Anti-Oxidant Creme SPF 15 30ml,"parfum, alcool, ulei esential, conservanti"
Elizabeth Arden Eight Hour Great 8 Daily Defense Moisturizer 45ml,parfum
Skin Doctors Sd White & Bright (50ml),"parfum, alcool, conservanti"
Origins GinZing Ultra Hydrating Energy-Boosting Cream Moisturiser 50ml,"alcool, ulei esential, conservanti"
Elizabeth Arden Eight Hour Cream Skin Protectant (50ml),"parfum, lanolina, conservanti"
PRAI AGELESS Throat & Decolletage Crème 50ml,"parfum, conservanti"
La Roche-Posay Toleriane Sensitive Fluid Moisturiser 40ml,fara alergeni majori
La Roche-Posay Effaclar MAT+ 40ml,"parfum, alcool, conservanti"
Mama Mio The Tummy Rub Butter 120ml - Fragrance Free,"alcool, conservanti"
Clinique Moisture Surge 72 Hour Auto Replenishing Hydrator 50ml,conservanti
Elemis Pro-Collagen Marine Cream 50ml,"parfum, alcool, conservanti"
La Roche-Posay Toleriane Ultra Fluid 40ml,fara alergeni majori
Clinique Moisture Surge 72-Hour Auto-Replenishing Hydrator 15ml,conservanti
Clinique for Men Moisturising Lotion 100ml,"alcool, lanolina, conservanti"
Bulldog Oil Control Moisturiser 100ml,"parfum, alcool, conservanti"
Bulldog Age Defence Moisturiser 100ml,"parfum, conservanti"
The INKEY List Multi-Biotic Moisturiser 30ml,"alcool, conservanti"
Caudalie Vinosource Moisturising Sorbet 40ml,"parfum, alcool"
Neutrogena Refreshingly Clear Oil-Free Moisturiser 50ml,"parfum, alcool, conservanti"
The INKEY List Turmeric Moisturiser 30ml,"alcool, conservanti"
The Ordinary Vitamin C Suspension Cream 30% in Silicone 30ml,fara alergeni majori
La Roche-Posay Toleriane Sensitive Moisturiser 40ml,fara alergeni majori
Avene Hydrance Hydrating Cream 40ml,"parfum, alcool"
Caudalie Vinoperfect Dark Spot Correcting Glycolic Night Cream 50ml,"parfum, alcool"
L'Oréal Men Expert Pure & Matte Anti-Shine Moisturising Gel (50ml),"parfum, alcool, conservanti"
Estée Lauder Revitalising Supreme + Global Anti-ageing Cell Power Crème 30ml,"parfum, conservanti"
The Chemistry Brand Heel Hydration Complex 100ml,"parfum, alcool, conservanti"
Elizabeth Arden Visible Difference Refining Moisture Cream (75ml),"parfum, alcool, conservanti"
Antipodes Baptise H20 Ultra-Hydrating Water Gel 60ml,alcool
L'Oréal Paris Dermo Expertise Triple Active Hydrating Night Moisturiser (50ml),"parfum, alcool, conservanti"
Bulldog Sensitive Moisturiser 100ml,conservanti
Dr.Jart+ Ceramidin Cream 50ml,"alcool, ulei esential"
"
Erno Laszlo Phelityl Night Cream 50ml","parfum, alcool, conservanti"
Antipodes Avocado Pear Nourishing Night Cream 60ml,"parfum, alcool"
Fade Out ADVANCED Even Skin Tone Night Cream 50ml,"parfum, alcool, conservanti"
NIOD Hydration Vaccine Face Cream 50ml,conservanti
The INKEY List Peptide Moisturizer 50ml,"alcool, conservanti"
Clinique Moisture Surge Intense Skin Fortifying Hydrator 50ml,conservanti
Clinique Moisture Surge 72-Hour Auto Replenishing Hydrator 30ml,conservanti
L'Oréal Paris Hydra Genius Liquid Care Moisturiser for Normal Combination Skin 70ml 2 Pack Exclusive,"parfum, alcool, conservanti"
Murad Hydro-Dynamic™ Ultimate Moisture (50ml),"alcool, conservanti"
Clinique Redness Solutions Daily Relief Cream 50ml,"alcool, conservanti"
DECLÉOR Hydra Floral Anti-Pollution Hydrating Rich Cream,"parfum, alcool, ulei esential, conservanti"
Elemis Pro-Collagen Oxygenating Night Cream 50ml,"parfum, alcool, conservanti"
Weleda Skin Food 75ml - Light,"parfum, alcool, lanolina"
Clinique Moisture Surge SPF25 Sheertint Hydrator - Universal Light Medium 40ml,"alcool, conservanti"
The INKEY List Bakuchiol Moisturiser 30ml,conservanti
COSRX Advanced Snail 92 All in One Cream 100ml,"alcool, conservanti"
bareMinerals Butter Drench Intense Moisurising Day Cream,"parfum, alcool, conservanti"
Eucerin Anti-Pigment SPF30 Day Cream 50ml,"parfum, alcool, conservanti"
Clinique for Men Oil-Control Moisturiser 100ml,conservanti
Sukin Sensitive Facial Moisturiser (125ml),"alcool, conservanti"
Fade Out ADVANCED Even Skin Tone Day Cream SPF 25 50ml,"parfum, alcool, conservanti"
First Aid Beauty Coconut Skin Smoothie Priming Moisturiser,"alcool, conservanti"
Avène Rich Revitalizing Nourishing Cream 50ml,"parfum, alcool"
REN Clean Skincare Evercalm Global Protection Day Cream,"alcool, ulei esential, conservanti"
Fade Out ADVANCED + Age Protection Even Skin Tone Day Cream SPF 25 50ml,"parfum, alcool, conservanti"
Bulldog Protective Moisturiser 100ml,"ulei esential, conservanti"
Alpha-H Daily Essential Moisturiser Spf50+ (50ml),alcool
Pai Skincare Chamomile and Rosehip Calming Day Cream 50ml,alcool
Estée Lauder DayWear Anti-Oxidant 72H-Hydration Sorbet Creme SPF 15 50ml,"parfum, alcool, ulei esential, conservanti"
Liz Earle Skin Repair Light,"parfum, alcool, conservanti"
Elemis Peptide4 Plumping Pillow Facial,"parfum, alcool, ulei esential, conservanti"
Murad Oil and Pore Control Mattifier SPF45 PA 50ml,"parfum, alcool, conservanti"
Clinique for Men Anti-Age Moisturiser 100ml,"alcool, conservanti"
AMELIORATE Transforming Body Cream 225ml,"parfum, alcool, ulei esential"
"JASON Age Renewal Vitamin E 25,000iu Cream (120g)","alcool, ulei esential"
Clinique Smart SPF 15 Custom Repair Moisturiser - Dry to Combination Skin - 50ml,"alcool, conservanti"
Mama Mio The Tummy Rub Butter 120ml - Lavender and Mint,"parfum, alcool, ulei esential, conservanti"
Neal's Yard Remedies Vitamin E and Avocado Night Cream 50g,"alcool, ulei esential, conservanti"
First Aid Beauty Ultra Repair Face Moisturiser (50ml),"alcool, conservanti"
Bioderma Hydrabio Gel Cream 40ml,parfum
Estée Lauder NightWear Plus Anti-Oxidant Night Detox Crème 50ml,"parfum, alcool, ulei esential, conservanti"
The Ordinary 10% Agireline Solution 30ml,conservanti
The Ordinary Buffet Supersize Serum 60ml,conservanti
The Ordinary 100% Pycnogenol 5% 15ml,fara alergeni majori
Medik8 C-Tetra Serum 30ml,ulei esential
Estée Lauder Advanced Night Repair Synchronized Recovery Complex II 30ml,conservanti
Estée Lauder Advanced Night Repair Synchronized Recovery Complex II 50ml,conservanti
The Ordinary Hyaluronic Acid 2% + B5 Supersize Serum 60ml,conservanti
The Ordinary Marine Hyaluronics 30ml,conservanti
Avene Hydrance Intense Serum 30ml,parfum
VICHY Minéral 89 Hyaluronic Acid Hydration Booster 50ml,conservanti
La Roche-Posay Pure Vitamin C10 Serum 30ml,"parfum, alcool"
PIXI Overnight Glow Serum,conservanti
Clinique Even Better Clinical Radical Dark Spot Corrector + Interrupter 50ml,conservanti
Medik8 Hydr8 B5 Serum 30ml,conservanti
NIP+FAB Dragons Blood Fix Serum 50ml,"parfum, alcool, conservanti"
By Terry Cellularose CC Serum 30ml (Various Shades),"parfum, conservanti"
NIP+FAB Salicylic Fix Serum Extreme 2% 50ml,"parfum, alcool, conservanti"
NIOD Multi-Molecular Hyaluronic Complex 15ml,conservanti
Medik8 Crystal Retinal 6,"alcool, conservanti"
PIXI Collagen and Retinol Serum 30ml,fara alergeni majori
Elizabeth Arden Ceramide Capsules Advanced (90 Capsules),fara alergeni majori
Elizabeth Arden Retinol Ceramide Capsules Line Erasing Night Serum - 30 Pieces (Sleeved Version),conservanti
Tan-Luxe Super Glow Body Hyaluronic Self-Tan Serum 150ml,"parfum, conservanti"
La Roche-Posay Rosaliac AR Intense Serum 40ml,fara alergeni majori
La Roche-Posay Toleriane Ultra Cream,alcool
Clinique Even Better Clinical Radical Dark Spot Corrector + Interrupter 30ml,conservanti
Elizabeth Arden Retinol Ceramide Capsules Line Erasing Night Serum - 60 Pieces (Sleeved Version),conservanti
VICHY Minéral 89 Hyaluronic Acid Hydration Booster 75ml,conservanti
PIXI Glow Tonic Serum 30ml,"parfum, conservanti"
DECLÉOR Aromessence Neroli Amara Serum 15ml,ulei esential
The Ordinary Amino Acids + B5,fara alergeni majori
Lancôme Advanced Génifique Eye and Lash Serum - Light Pearl 20ml,"alcool, conservanti"
REN Clean Skincare Radiance Perfection Serum,"parfum, alcool, ulei esential, conservanti"
Sanctuary Spa Hyaluronic Wonder Oil Serum 30ml,"alcool, sulfati, conservanti"
La Roche-Posay Hydraphase Intense Serum (30ml),"parfum, alcool, conservanti"
L'Oréal Paris Hydra Genius Liquid Care Moisturiser Combination Skin 70ml,"parfum, alcool, conservanti"
bareMinerals SkinLongevity Vital Power Infusion Serum 50ml,"parfum, alcool, ulei esential, conservanti"
REN Clean Skincare Evercalm Anti-Redness Serum,"alcool, ulei esential, conservanti"
Elizabeth Arden Advanced Ceramide Capsules Daily Youth Restoring Eye Serum (60 Pack),fara alergeni majori
Estée Lauder Perfectionist Pro Multi-Defense Aqua UV Gel SPF 50 with 8 Anti-Oxidants,"alcool, conservanti"
NIP+FAB Retinol Fix Serum Extreme 50ml,"parfum, alcool, conservanti"
Origins Plantscription Anti-Aging Power Serum 50ml,"ulei esential, conservanti"
Estée Lauder Perfectionist Pro Rapid Brightening Treatment with Ferment2+ Vitamin C 50ml,"parfum, conservanti"
Peter Thomas Roth Retinol Fusion PM 30ml,alcool
Elizabeth Arden Skin Illuminating Advanced Brightening Night Capsules (50 Capsules),"parfum, alcool"
Caudalie VineActiv Glow Activating Anti-Wrinkle Serum 30ml,parfum
Sukin Super Greens Recovery Serum 30ml,"parfum, alcool, conservanti"
Pai Skincare Back to Life Hydration Serum 30ml,fara alergeni majori
OSKIA Super 16 Serum (30ml),"alcool, conservanti"
La Roche-Posay Pigmentclar Serum 30ml,"parfum, alcool, conservanti"
"Clinique Repairwear Laser Focus Smooths, Restores, Refines 50ml",conservanti
DECLÉOR Aromessence Green Mandarin Essential Oil Serum 15ml,"alcool, ulei esential"
DECLÉOR Organic Aromessence Rose d'Orient Soothing Comfort Oil Serum,ulei esential
Lancôme Advanced Génifique Youth Activating Serum 30ml,"parfum, alcool, conservanti"
Lancôme Advanced Génifique Youth Activating Serum 50ml,"parfum, alcool, conservanti"
Lancôme Advanced Génifique Youth Activating Serum 75ml,"parfum, alcool, conservanti"
Lancôme Advanced Génifique Youth Activating Serum 115ml,"parfum, alcool, conservanti"
COSRX AC Collection Blemish Spot Clearing Serum 40ml,fara alergeni majori
Holika Holika 3 Seconds Starter (Hyaluronic Acid),"parfum, ulei esential, conservanti"
Dermalogica AGE Bright Clearing Serum 30ml,"ulei esential, conservanti"
Dr. Hauschka Night Serum 20ml,"parfum, alcool"
Elizabeth Arden SuperStart Skin Renewal Booster 50ml,"parfum, conservanti"
Lancôme Génifique Double Drop Serum 20ml,"parfum, alcool, conservanti"
SkinCeuticals Discoloration Defense Corrective Serum 30ml,conservanti
Aurelia Probiotic Skincare Revitalise & Glow Serum 30ml,"alcool, ulei esential"
Estée Lauder Idealist Pore Minimizing Skin Refinisher 30ml,"ulei esential, conservanti"
Estée Lauder Perfectionist [CP+R] Wrinkle Lifting/Firming Serum 30ml,"parfum, sulfati, conservanti"
DECLÉOR Aromessence Magnolia Youthful Oil Serum 15ml 0.5oz,"alcool, ulei esential"
Murad Retinol Youth Renewal Serum Travel Size,"parfum, conservanti"
Caudalie Resvératrol Lift Firming Serum (30ml),parfum
Pai Skincare Instant Calm Redness Serum Sea Aster and Wild Oat 30ml,"alcool, ulei esential"
Gallinée Probiotic Youthful Serum 30ml,fara alergeni majori
PIXI Hydrating Milky Serum 30ml,conservanti
Darphin Intral Redness Relief Soothing Serum,"parfum, conservanti"
Zelens Z Hyaluron Hyaluronic Acid Complex Serum Drops 30ml,fara alergeni majori
Dr Dennis Gross Skincare C+Collagen Brighten and Firm Vitamin C Serum 30ml,"alcool, conservanti"
Estée Lauder Perfectionist Pro Rapid Firm + Lift Serum Hexapeptide-8 50ml,"parfum, conservanti"
GLAMGLOW Superserum 30ml,"parfum, conservanti"
Too Faced Hangover Good in Bed Ultra-Hydrating Replenishing Serum 29ml,"parfum, conservanti"
Elizabeth Arden Prevage Face Advanced Anti-Aging Serum (50ml),"parfum, conservanti"
Liz Earle Superskin Face Serum 30ml Pump,"parfum, alcool, ulei esential, conservanti"
Sukin Purely Ageless Firming Serum 30ml,"alcool, ulei esential, conservanti"
Bobbi Brown Extra Repair Serum 30ml,"ulei esential, conservanti"
Indeed Labs Eysilix Serum 2 15ml,"alcool, conservanti"
Natio Advanced Lifting and Firming Serum (30ml),"parfum, ulei esential, conservanti"
Holika Holika 3 Seconds Starter (Collagen),"parfum, conservanti"
REN Clean Skincare Keep Young and Beautiful Instant Firming Beauty Shot,conservanti
The Organic Pharmacy Four Acid Peel Serum 30ml,"alcool, ulei esential"
Indeed Labs Snoxin Serum 2 30ml,conservanti
Neal's Yard Remedies Beauty Sleep Concentrate 30ml,"alcool, ulei esential"
L'Oreal Paris Dermo Expertise Revitalift Laser Renew Anti-ageing Triple Action Super Serum (30ml),"parfum, alcool, conservanti"
ELEMIS Pro-Collagen Definition Face and Neck Serum 30ml,"parfum, alcool, conservanti"
Lancôme Visionnaire Serum Plus 30ml,"parfum, alcool, conservanti"
Aurelia Skincare Firm & Replenish Body Serum 250ml,"alcool, ulei esential"
Chantecaille Vital Essence 50ml,"alcool, conservanti"
Indeed Labs Pepta-Bright 30ml,"alcool, conservanti"
Omorovicza Instant Perfection Serum (30ml),"parfum, conservanti"
Elizabeth Arden Skin Illuminating Advanced Brightening Day Serum (30ml),"parfum, alcool, conservanti"
FOREO 'Serum Serum Serum' Micro-Capsule Youth Preserve,fara alergeni majori
Aveda Hand Relief Night Renewal Serum 30ml,"parfum, alcool, conservanti"
Sukin Hydration Biomarine Facial Serum 30ml,"parfum, alcool, conservanti"
Dermalogica Multivitamin Power Serum (22ml),ulei esential
Sarah Chapman Skinesis Skin Tone Perfecting Booster (30ml),"alcool, conservanti"
DECLÉOR Hydra Floral White Petal Skin Perfecting Concentrate 30ml,"parfum, alcool, ulei esential"
Darphin Dark Circle Relief and De-Puffing Eye Serum 15ml,"parfum, ulei esential, conservanti"
Zelens Youth Concentrate Supreme Age-Defying Serum (30ml),"parfum, alcool, conservanti"
Darphin Hydraskin Serum 30ml,"parfum, conservanti"
L'Oréal Paris Revitalift Filler + Hyaluronic Acid Replumping Serum 16ml,alcool
Elizabeth Arden Prevage Advanced Daily Serum,"parfum, conservanti"
L'Oréal Paris Age Perfect Nutrition Intense Supreme Repairing Serum,"parfum, alcool, conservanti"
Green People Age Defy+ Line Eraser Lip & Eye Serum (10ml),"alcool, ulei esential"
The Organic Pharmacy Stabilised Vitamin C Serum 30ml,"alcool, ulei esential"
Erno Laszlo AHA Resurfacing Sleep Serum,conservanti
DHC Deep Cleansing Oil 30ml,conservanti
DHC Deep Cleansing Oil 70ml,conservanti
DHC Deep Cleansing Oil 200ml,conservanti
Pai Skincare Rosehip BioRegenerate Oil 30ml,fara alergeni majori
Clinique Take The Day Off Cleansing Oil 200ml,fara alergeni majori
"The Ordinary ""B"" Oil 30ml",fara alergeni majori
The Ordinary 100% Cold Pressed Virgin Marula Oil 30ml,fara alergeni majori
Caudalie Make-Up Removing Cleansing Oil 150ml,parfum
NUXE Huile Prodigieuse Multi Usage Dry Oil 50ml,"parfum, alcool"
NUXE Huile Prodigieuse Multi Usage Dry Oil 100ml,"parfum, alcool"
Face by Skinny Tan Moisturising Oil Drops 30ml,"parfum, conservanti"
The Ordinary 100% Organic Virgin Chia Seed Oil,fara alergeni majori
Mama Mio The Tummy Rub Oil 120ml,parfum
NUXE Huile Prodigieuse Golden Shimmer Multi Usage Dry Oil 50ml,"parfum, alcool"
"JASON Vitamin E 5,000iu Oil - All Over Body Nourishment 118ml",fara alergeni majori
Elizabeth Arden Eight Hour All-Over Miracle Oil (100ml),parfum
Elemis Superfood Facial Oil 15ml,"parfum, ulei esential"
bareMinerals OIL OBSESSED Oil Cleanser,"parfum, conservanti"
Bondi Sands Liquid Gold Self Tanning Oil 150ml,"parfum, conservanti"
Indeed Labs Squalane Facial Oil 30ml,fara alergeni majori
TanOrganic Self-Tanning Oil - Brown (100ml),"alcool, ulei esential"
Caudalie VineActiv Overnight Detox Oil 30ml,ulei esential
Mama Mio The Tummy Rub Oil 200ml,parfum
NUXE Sun Tanning Oil Face and Body SPF 30 (150ml),parfum
Sarah Chapman Skinesis Supersize Overnight Facial Oil 30ml,"parfum, alcool, ulei esential"
"JASON Vitamin E 32,000iu Oil - Scar & Stretch Mark Treatment 30ml",fara alergeni majori
Bondi Sands Everyday Liquid Gold Gradual Tanning Oil 270ml,"parfum, conservanti"
Trilogy Certified Organic Rosehip Oil 20ml,fara alergeni majori
Elizabeth Arden Ceramide Cleansing Face Oil (195ml),parfum
Trilogy Certified Organic Rosehip Oil 45ml,fara alergeni majori
BBB London Luscious Lash Oil 7.5ml,fara alergeni majori
PIXI Rose Oil Blend 30ml,ulei esential
Sanctuary Spa Calming CBD Oil 45ml,"parfum, alcool"
Sukin Rose Hip Oil (25ml),fara alergeni majori
Sanctuary Spa 10-in-1 Super Secret Facial Oil 30ml,fara alergeni majori
REN Clean Skincare Bio Retinoid Anti-Wrinkle Concentrate Oil,parfum
BBB London Nourishing Brow Oil 11ml,fara alergeni majori
Sanctuary Spa Melt Away Cleansing Oil 150ml,ulei esential
DECLÉOR Aroma Nutrition Softening Dry Oil (100ml),ulei esential
Elemis Pro-Collagen Marine Oil 15ml,"parfum, ulei esential"
DECLÉOR Aromessence Ylang Cananga Anti-Blemish Oil Serum,"alcool, ulei esential"
The Chemistry Brand Glow Oil 100ml,parfum
Sanctuary Spa Overnight Replenishing Miracle Oil 30ml,ulei esential
DHC Pore Cleansing Oil (150ml),"alcool, ulei esential, conservanti"
L’Oréal Paris Extraordinary Oil Sleeping Oil Night Cream (50ml),"parfum, alcool, conservanti"
REN Clean Skincare Vita Mineral Omega 3 Optimum Skin Oil,parfum
Bondi Sands Sunscreen SPF15 Oil 150ml,"parfum, alcool"
PIXI Jasmine Oil Blend 30ml,fara alergeni majori
Freezeframe Stretch Mark Eraser 80ml,conservanti
MONU Firming Fiji Facial Oil (180ml),fara alergeni majori
Bondi Sands Sunscreen SPF30 Oil 150ml,"parfum, alcool"
L'Oréal Paris Extraordinary Oil Cream 50ml,fara alergeni majori
Darphin The Revitalising Oil (50ml),fara alergeni majori
Balance Me Radiance Face Oil 30ml,fara alergeni majori
AromaWorks Rejuvenate Face Serum Oil 30ml,ulei esential
Peter Thomas Roth Oiless Oil 100% Purified Squalane,fara alergeni majori
Rodial Vitamin C Deluxe Drops 10ml,"parfum, alcool, conservanti"
Aurelia Probiotic Skincare Cell Repair Night Oil 50ml,ulei esential
Garnier Organic Lavandin Glow Oil 30ml,parfum
Moroccanoil Shimmering Body Oil 50ml,parfum
LIXIRSKIN Night Switch Essential Lipids 15ml,fara alergeni majori
Trilogy Rosehip Oil Antioxidant+ 30ml,fara alergeni majori
Erno Laszlo Detoxifying Cleansing Oil 195ml,"parfum, conservanti"
Manuka Doctor 24K Gold & Manuka Honey Face Oil 12ml,parfum
Natio Ageless Rosehip Oil Cold Pressed 15ml,fara alergeni majori
Weleda Almond Soothing Facial Oil (50ml),fara alergeni majori
Trilogy CoQ10 Booster Oil 20ml,parfum
DHC Olive Virgin Oil (30ml),fara alergeni majori
Manuka Doctor Replenishing Facial Oil 25ml,parfum
Elemis Pro-Definition Facial Oil 15ml,parfum
First Aid Beauty Ultra Repair Oat & Cannabis Sativa Seed Oil 30ml,conservanti
Estée Lauder Revitalizing Supreme+ Nourishing and Hydrating Dual Phase Treatment Oil 30ml,"parfum, conservanti"
Bobbi Brown Extra Face Oil 30ml,"ulei esential, conservanti"
Manuka Doctor ApiRefine Shake and Roll Lip Oil 10ml,"parfum, alcool"
Darphin Rose Hydra-Nourishing Aromatic Care Oil 15ml,ulei esential
Rodial Pink Diamond Oil 30ml,parfum
La Roche-Posay Anthelios Anti-Shine Sun Protection Invisible SPF50+ Face Mist 75ml,"parfum, conservanti"
PIXI Glow Mist 80ml,ulei esential
Garnier Ambre Solaire Sensitive Hydrating Hypoallergenic Face Sun Cream Mist SPF50 75ml,"parfum, conservanti"
La Roche-Posay Toleriane Ultra 8 Face Mist 100ml,fara alergeni majori
Neutrogena Hydro Boost Express Hydrating Spray 200ml,"parfum, alcool"
PIXI Hydrating Milky Mist 80ml,"parfum, alcool, conservanti"
Garnier Ambre Solaire Natural Bronzer Quick Drying Dark Self Tan Face Mist 75ml,"parfum, conservanti"
Garnier Ambre Solaire Dry Mist Fast Absorbing Sun Cream Spray SPF30 200ml,"parfum, alcool, conservanti"
ELEMIS Superfood Kefir-Tea Mist 100ml,"parfum, ulei esential, conservanti"
PIXI Sun Mist 80ml,"alcool, conservanti"
Omorovicza Queen Of Hungary Mist (100ml),"ulei esential, conservanti"
Lumene Nordic Hydra Lähde Arctic Spring Water Enriched Facial Mist 50ml,"parfum, conservanti"
Omorovicza Queen of Hungary Mist 30ml,"ulei esential, conservanti"
Garnier Ambre Solaire Sensitive Hypoallergenic Dry Mist Sun Cream Spray SPF50 200ml,"alcool, conservanti"
Revolution Skincare Hyaluronic Essence Spray 100ml,"parfum, ulei esential, conservanti"
NUXE Huile Prodigieuse Florale Mist 100ml,parfum
PIXI Vitamin Wakeup Mist 80ml,ulei esential
Neal's Yard Remedies Goodnight Pillow Mist 45ml,ulei esential
Lumene Nordic Hydra [Lähde] Arctic Spring Water Enriched Facial Mist 100ml,"parfum, conservanti"
Lumene Nordic C Valo Glow Refresh Hydrating Mist 50ml,"parfum, conservanti"
Elizabeth Arden Eight Hour Miracle Hydrating Mist 100ml,"parfum, conservanti"
Garnier Natural Vegan Rose Soothing Hydrating Glow Mist 150ml,"parfum, alcool"
Dermalogica Age Smart Antioxidant Hydramist 150ml,"ulei esential, conservanti"
Zelens Z Balance Prebiotic and Probiotic Facial Mist 50ml,"parfum, conservanti"
Bondi Sands Self Tanning Mist 250ml - Light/Medium,"parfum, alcool"
Revolution Skincare CBD Essence Spray 100ml,"parfum, conservanti"
Peter Thomas Roth Water Drench Hydrating Toner Mist 150ml,conservanti
Elemis Pro-Collagen Rose Hydro-Mist 50ml,"parfum, alcool, conservanti"
Chantecaille Pure Rosewater 100ml,conservanti
Neal's Yard Remedies Frankincense Hydrating Facial Mist 45ml,"alcool, ulei esential"
Crystal Clear Revitalising Tonic 200ml,"parfum, alcool, conservanti"
Garnier Organic Argan Mist 150ml,"parfum, alcool"
Institut Esthederm Cellular Water Mist 100ml,sulfati
Revolution Skincare x Jake Jamie Tropical Quench Essence Spray 100ml,"parfum, conservanti"
Jurlique Rosewater Balancing Mist (100ml),"parfum, alcool, ulei esential"
NUXE Refreshing Toning Mist 200ml,"parfum, conservanti"
Bondi Sands Self Tanning Mist 250ml - Dark,"parfum, alcool"
A'kin Hydrating Mist Toner 150ml,fara alergeni majori
Jurlique Rosewater Balancing Mist 100ml,"parfum, alcool, conservanti"
Aveda Botanical Kinetics Toning Mist 150ml,alcool
Rodial Dragon's Blood Essence 100ml,"parfum, conservanti"
Origins Ginzing™ Energy-Boosting Treatment Lotion Mist 150ml,"alcool, ulei esential, conservanti"
ULTRASUN CLEAR SPRAY SPF30 - SPORTS FORMULA (150ML),alcool
Salcura Antiac Activ Liquid Spray (50ml),"alcool, ulei esential, sulfati, conservanti"
Revolution Skincare Caffeine Essence Spray 100ml,"parfum, ulei esential, conservanti"
Sea Magik Sunsafe SPF50 Clear Spray 150ml,"parfum, alcool"
Pestle & Mortar Balance Facial Spritz,"ulei esential, conservanti"
DHC Super Collagen Mist 50ml,conservanti
Revolution Skincare Superfruit Essence Spray 100ml,"parfum, conservanti"
Murad Prebiotic 3-in-1 MultiMist 100ml,parfum
Bloom and Blossom Rejuvenating Facial Spritz (100ml),"ulei esential, conservanti"
Zelens PROVITAMIN D Fortifying Facial Mist 50ml,fara alergeni majori
Emma Hardie Plump and Glow Hydrating Mist 90ml,"parfum, conservanti"
Natio Refreshing Face Mist (75ml),"alcool, conservanti"
Holika Holika Good Cera Super Ceramide Mist,ulei esential
Piz Buin After Sun Instant Relief Mist Spray,"parfum, alcool"
Eve Lom Face Mist 15ml,conservanti
Sarah Chapman Skinesis Liquid Facial D-Stress 75ml,"parfum, alcool, conservanti"
James Read Instant Bronzing Mist 200ml,alcool
Jurlique Calendula Redness Rescue Calming Mist (100ml),"ulei esential, conservanti"
Lumene Nordic C [Valo] Glow Refresh Hydrating Mist 100ml,"parfum, conservanti"
OSKIA SPF Vitamin Mist 100ml,"parfum, alcool"
Holika Holika Aloe Soothing Essence 98% Mist,parfum
ARK Skincare Hydrating Beauty Mist 150ml,conservanti
BBB London Rosewater Mist 50ml,parfum
Natura Bissé C+C Vitamin Splash 200ml,"parfum, alcool, ulei esential, conservanti"
Laura Mercier Perfecting Water Moisture Mist 200ml,conservanti
Clinique Virtu-Oil Body Mist SPF30 144ml,alcool
Mauli Supreme Skin Rose Mist,fara alergeni majori
Avant Skincare PH Balancing & Brightening Rose Infusion Day Mist 30ml,"parfum, conservanti"
Jurlique Lavender Hydrating Mist 100ml,"parfum, conservanti"
Salcura Antiac Acne Clearing Spray (100ML),"alcool, ulei esential, conservanti"
Löwengrip Moisture on the go Facial Mist 100ml,"parfum, conservanti"
Armani Prima Mist 100ml,"parfum, alcool, conservanti"
The Ritual of Namasté Urban Hydrating Mist 100ml,"parfum, alcool"
Acorelle Pure Harvest Body Perfume - 100ml,"parfum, alcool"
Jurlique Lavender Hydrating Mist 50ml,"parfum, conservanti"
Natura Bissé Tolerance Toner 200ml,"parfum, conservanti"
NIOD Superoxide Dismutase Saccharide Mist 240ml,conservanti
Eve Lom Radiance Face Mist 48ml,conservanti
Clinique Take The Day Off Cleansing Balm 125ml,conservanti
NUXE Baume Levres Reve De Miel - Honey Lip Balm (15g),ulei esential
La Roche-Posay Cicaplast Baume B5 Soothing Repairing Balm 40ml,sulfati
ELEMIS Pro-Collagen Rose Cleansing Balm 105g,"parfum, alcool, ulei esential, conservanti"
Burt's Bees Beeswax Lip Balm Tube 4.25g,lanolina
La Roche-Posay Cicaplast Baume B5 Soothing Repairing Balm 100ml,sulfati
La Roche-Posay Cicaplast Baume B5 Repairing Balm SPF 50 40ml,"alcool, conservanti"
Burt's Bees Pomegranate Lip Balm Tube 4.25g,lanolina
Dr. PAWPAW Outrageous Orange Balm 25ml,fara alergeni majori
Lanolips 101 Ointment Multi-Balm - Coconutter 10g,lanolina
DECLÉOR Aromessence Neroli Amara Night Balm 15ml,"alcool, ulei esential"
Burt's Bees Honey Lip Balm Tube 4.25g,lanolina
AMELIORATE Intensive Lip Treatment 15ml,"alcool, lanolina, conservanti"
Burt's Bees Lip Balm - Ultra Conditioning 4.25g,ulei esential
Burt's Bees Lip Balm - Mango Lip Balm Tubes 4.25g,lanolina
Maybelline Baby Lips Cherry Me,parfum
Omorovicza Perfecting Lip Balm (10ml),"alcool, lanolina, conservanti"
DECLÉOR Aromessence Ylang Ylang Night Balm 15ml,ulei esential
Mama Mio Keep Calm Nipple Balm 30ml,fara alergeni majori
yes to Coconut Cleansing Balm 120g,"parfum, conservanti"
Lanolips Rose Gold 101 Ointment For Lips + Cheeks 9g,"alcool, lanolina"
Frank Body Lip Balm Original 15ml,lanolina
REN Clean Skincare Evercalm Overnight Recovery Balm 30ml,"parfum, alcool"
Rituals The Ritual of Sakura Hand Balm 175ml,"parfum, alcool, conservanti"
Lanolips 101 Ointment Multi-Balm - Peach 10g,lanolina
DECLÉOR Green Mandarin Night Balm 15ml,"alcool, ulei esential"
Weleda Lip Balm (4.8g),alcool
PIXI Rose Flash Balm 45ml,conservanti
Balance Me Cleanse and Smooth Face Balm 125ml,ulei esential
First Aid Beauty Ultra Repair Intensive Lip Balm (10g),conservanti
Dr. PAWPAW Original Balm 100ml,fara alergeni majori
Dr Hauschka Lip Balm 4.5ml,"parfum, alcool"
By Terry Baume de Rose Flaconnette 7ml,"parfum, conservanti"
DECLÉOR Aromessence Magnolia Youthful Night Balm 15ml,"alcool, ulei esential"
REN Rosa Centifolia No.1 Purity Cleansing Balm,"parfum, alcool"
Dr. PAWPAW Hot Pink Balm 25ml,fara alergeni majori
Lanolips Tinted SPF30 Balm - Red Apple 12.5g,lanolina
Spa Magik Organiks Wrinkle Therapy Moisture Melt Cleansing Balm 100ml,"parfum, ulei esential, conservanti"
Uriage Xémose Anti-Itch Soothing Oil Balm 500ml,fara alergeni majori
benefit Dr Feelgood Velvety Complexion Balm,parfum
Jurlique Rose Love Balm (15ml),"parfum, alcool, conservanti"
Aurelia Probiotic Skincare Refine and Polish Miracle Balm 75ml,"alcool, ulei esential"
Rituals The Ritual of Ayurveda Hand Balm 175ml,"parfum, alcool, conservanti"
Rodial Bee Venom Cleansing Balm 100ml,parfum
Indeed Labs Watermelon Melting Balm 100ml,"alcool, conservanti"
DECLÉOR Cica-Botanic Balm,fara alergeni majori
OSKIA Micro Exfoliating Balm - 50ml,"parfum, alcool"
Laura Mercier Infusion de Rose Lip Balm 3.4g,parfum
Oh K! SOS Soothing Facial Balm 100ml,alcool
By Terry Baume De Rose Nutri-Couleur Lip Balm 7g,"parfum, conservanti"
MONU Recovery Balm (50ml),"alcool, ulei esential, conservanti"
Darphin Intral Redness Relief Recovery Balm,"parfum, alcool, sulfati, conservanti"
Darphin Aromatic Cleansing Balm with Rosewood 125ml,alcool
Holika Holika Good Cera Super Ceramide Moisture Balm 40ml,"alcool, ulei esential"
Garnier Organic Argan Rescue Balm 50ml,"parfum, alcool"
Menaji Lip Balm Agent (0.15oz./4.2g),lanolina
MONUPLUS Beauty Balm (50ml),"alcool, ulei esential, conservanti"
The Ritual of Namasté Restoring Night Balm 50ml,"parfum, alcool"
yes to Cucumbers Exfoliating Cleansing Balm 120g,"parfum, conservanti"
Clinique Superbalm Lip Treatment 7ml,"sulfati, conservanti"
Alchimie Forever Dry Skin Balm,"parfum, alcool"
Garnier Hyaluronic Acid and Orange Juice Hydrating Brightening Eye Sheet Mask 6g,"ulei esential, conservanti"
APIVITA Express Moisturizing & Soothing Face Mask - Prickly Pear 2x8ml,"parfum, alcool, conservanti"
PIXI PLUMP Collagen Boost Sheet Mask (Pack of 3),fara alergeni majori
Benton Aloe Soothing Mask Pack -1 Ea,fara alergeni majori
Holika Holika Pure Essence Mask Sheet - Cucumber,fara alergeni majori
Holika Holika Pure Essence Mask Sheet - Avocado,ulei esential
Antipodes Aura Manuka Honey Mask 75ml,"parfum, alcool"
Garnier Moisture Bomb Green Tea Hydrating Face Sheet Mask for Combination Skin 32g,"parfum, conservanti"
Holika Holika Pure Essence Mask Sheet - Pearl,ulei esential
Holika Holika Pure Essence Mask Sheet - Charcoal,ulei esential
Garnier Hyaluronic Acid and Coconut Water Hydrating Replumping Eye Sheet Mask 6g,conservanti
Ambre Solaire After Sun Cooling Hyaluronic Acid Face Sheet Mask 32g,"parfum, alcool, conservanti"
REN Clean Skincare Glycol Lactic Radiance Mask,"parfum, alcool, ulei esential, conservanti"
NARS Cosmetics Aqua Gel Luminous Mask,"parfum, alcool, sulfati, conservanti"
Garnier Moisture Bomb Camomile Hydrating Face Sheet Mask for Dry and Sensitive Skin 32g,"parfum, alcool, conservanti"
Holika Holika Pure Essence Mask Sheet - Strawberry,ulei esential
La Roche-Posay Effaclar Clay Mask 100ml,"parfum, alcool, conservanti"
APIVITA Express Intense Moisturizing Face Mask - Cucumber 2x8ml,"parfum, alcool"
APIVITA Express Moisturizing Face Mask - Sea Lavender 2x8ml,"parfum, alcool, conservanti"
APIVITA Express Radiance Face Mask - Orange 2x8ml,"parfum, alcool, ulei esential"
Holika Holika Pure Essence Mask Sheet - Damask Rose,fara alergeni majori
Garnier Moisture Bomb Lavender Hydrating Face Sheet Mask for Fatigued Skin 32g,"parfum, conservanti"
Holika Holika Baby Silky Foot Mask Sheet,"parfum, alcool, conservanti"
Oh K! Peeling Foot Mask 20ml,"parfum, alcool, ulei esential, conservanti"
Garnier Moisture Bomb Sakura Hydrating Face Sheet Mask for Dull Skin 32g,"parfum, conservanti"
Garnier Charcoal and Algae Purifying and Hydrating Face Sheet Mask for Enlarged Pores 28g,"parfum, alcool, conservanti"
BeautyPro Brightening Collagen Sheet Mask with Vitamin C,fara alergeni majori
AHAVA Single Use 24K Gold Mineral Mud Mask 6ml,"parfum, conservanti"
APIVITA Express Detox Face Mask - Pumpkin 2x8ml,parfum
First Aid Beauty Ultra Repair Instant Oatmeal Mask (56.7g),alcool
Holika Holika Pure Essence Mask Sheet - Acai Berry,ulei esential
Caudalie Instant Detox Mask (75ml),"alcool, ulei esential"
Dermalogica Age Smart Multivitamin Power Recovery Masque 75ml,"alcool, ulei esential, conservanti"
Garnier Fresh-Mix Brightening Face Sheet Shot Mask with Vitamin C 33g,parfum
Holika Holika Pure Essence Mask Sheet - Lemon,ulei esential
APIVITA Express Radiance Face Mask - Pomegranate 2x8ml,"parfum, alcool, conservanti"
"Dear, Klairs Rich Moist Soothing Tencel Sheet Mask 25ml",alcool
Clinique Moisture Surge Overnight Mask 100ml,"alcool, conservanti"
APIVITA Express Deep Cleansing Face Mask - Green Clay 2x8ml,"parfum, alcool, ulei esential, conservanti"
BeautyPro Detoxifying Foaming Cleansing Sheet Mask with Activated Charcoal,ulei esential
GLAMGLOW Supermud Mask 15g,"parfum, conservanti"
Garnier Fresh-Mix Replumping Face Sheet Shot Mask with Hyaluronic Acid 33g,parfum
"Dear, Klairs Midnight Blue Calming Sheet Mask 25ml",fara alergeni majori
AHAVA Single Use Overnight Deep Wrinkle Mask 6ml,"parfum, conservanti"
Estée Lauder Perfectly Clean Foam Cleanser/Purifying Mask 150ml,parfum
Origins Original Skin Retexturizing Mask with Rose Clay 75ml,"ulei esential, conservanti"
APIVITA Express Moisturizing Face Mask - Aloe 2 x 8ml,"parfum, alcool, ulei esential"
AHAVA Single Use Brightening & Hydration Mask 6ml,"parfum, conservanti"
NIP+FAB Teen Skin Fix Salicylic Acid Sheet Mask,"parfum, alcool"
Neutrogena Hydro Boost Hydrogel Recovery Mask 30ml,"parfum, conservanti"
Garnier Moisture Bomb Deep Sea Water & Hyaluronic Acid Night-Time Eye Tissue Mask 6g,"parfum, conservanti"
OSKIA Renaissance Mask (50ml),"parfum, alcool, ulei esential, conservanti"
APIVITA Express Firming Face Mask - Royal Jelly 2x8ml,"parfum, alcool, ulei esential, conservanti"
PIXI Glow Mud Mask 30ml,"parfum, alcool, conservanti"
Clinique Moisture Surge Overnight Mask 15ml,"alcool, conservanti"
NIP+FAB Glycolic Fix Extreme Bubble Mask 23g,"parfum, conservanti"
Aesop Chamomile Concentrate Anti-Blemish Mask 60ml,"alcool, ulei esential, conservanti"
L'Oréal Paris Pure Clay Detox Face Mask 50ml,"parfum, conservanti"
Origins Clear Improvement Active Charcoal Mask to Clear Pores 75ml,conservanti
Peter Thomas Roth Cucumber Gel Mask 14ml,"ulei esential, conservanti"
APIVITA Express Purifying Face Mask for Oily Skin - Propolis 2x8ml,"parfum, alcool, ulei esential, conservanti"
COSRX Ultimate Nourishing Rice Overnight Spa Mask 60ml,alcool
REN Clean Skincare Evercalm Ultra Comforting Rescue Mask,"parfum, alcool, conservanti"
Erno Laszlo Multi-Task Eye Serum Mask (6 Pack),"parfum, conservanti"
Holika Holika Baby Silky Hand Mask Sheet,"parfum, alcool, conservanti"
Avène Soothing Radiance Mask 50ml,parfum
BARBER PRO Face Putty Black Peel-Off Mask with Activated Charcoal (3 Applications),"parfum, alcool, ulei esential, conservanti"
Garnier Ultralift Anti Ageing Radiance Boosting Face Sheet Mask 32g,"parfum, conservanti"
FOREO UFO Activated Masks - Call It a Night (7 Pack),parfum
Peter Thomas Roth Cucumber Gel Mask 150ml,"ulei esential, conservanti"
Peter Thomas Roth Cucumber Hydra-Gel Eye Masks 60 masks,"parfum, conservanti"
APIVITA Express Moisturizing Face Mask - Honey 2x8ml,"parfum, alcool"
Neutrogena Radiance Boost Hydrogel Recovery Mask 30ml,"parfum, conservanti"
Chantecaille Bio Lift Mask - 50ml,"ulei esential, conservanti"
Rodial Dragon's Blood Eye Mask Single,"parfum, conservanti"
BeautyPro CBD Oil Infused Sheet Mask 22ml,fara alergeni majori
Origins Out of Trouble 10 Minute Mask to Rescue Problem Skin 75ml,"alcool, conservanti"
Dr.Jart+ Cicapair Tiger Grass Calming Mask,"parfum, ulei esential"
Lancôme Génifique Hydrogel Sheet Mask (1 Mask),"parfum, alcool, conservanti"
Holika Holika Skin Rescuer Mask Sheet - Collagen,ulei esential
AHAVA Single Use Clearing Mask 6ml,"parfum, conservanti"
FARMACY Honey Potion Renewing Antioxidant Hydration Mask,conservanti
Liz Earle Deep Cleansing Mask 75ml,"alcool, conservanti"
Vichy Quenching Mineral Mask Duo Sachet 2 x 6ml,"parfum, alcool, conservanti"
AHAVA Single Use Mud Mask 8ml,"alcool, sulfati, conservanti"
Sanctuary Spa Charcoal Bubble Sheet Mask 22g,"parfum, ulei esential, conservanti"
MAGICSTRIPES Lifting Collagen Mask (1 Mask),fara alergeni majori
NIOD Voicemail Masque 50ml,conservanti
NIP+FAB Retinol Fix Sheet Mask 10g,"parfum, alcool"
Origins Clear Improvement Charcoal Honey Mask to Purify and Nourish 75ml,"ulei esential, conservanti"
Filorga Hydra-Filler Mask 23g,parfum
Bulldog Oil Control Face Mask 100ml,"parfum, alcool, conservanti"
MAGICSTRIPES Chin & Cheek Lifting Mask (1 Mask),fara alergeni majori
Neutrogena Purifying Boost Hydrogel Recovery Mask 30ml,"parfum, conservanti"
APIVITA Express Line Reducing Face Mask - Grape 2x8ml,"parfum, alcool, conservanti"
PIXI Collagen Plumping Mask 45ml,"alcool, ulei esential, conservanti"
FOREO UFO Activated Masks - Make My Day (7 Pack),parfum
Elemis Pro-Collagen Hydra-Gel Eye Mask (Pack of 6),"ulei esential, conservanti"
REN Clean Skincare Clarimatte Invisible Pores Detox Mask,"alcool, ulei esential, conservanti"
Eve Lom Rescue Mask (100ml),alcool
GLAMGLOW Supermud Mask 50g,"parfum, conservanti"
BeautyPro Nourishing Collagen Sheet Mask with Olive Extract,"parfum, conservanti"
Oh K! Chok Chok Smoothing Undereye Mask 2 x 1.5g,parfum
AHAVA Purifying Mud Mask 100ml,"alcool, sulfati, conservanti"
BeautyPro THERMOTHERAPY Warming Gold Foil Mask 30g,"parfum, conservanti"
L'Oréal Paris Pure Clay Blemish Rescue Face Mask 50ml,"alcool, sulfati, conservanti"
Garnier Pure Active Anti Blackhead Charcoal Mask Peel Off,"parfum, alcool"
Chantecaille Jasmine & Lily Healing Mask,conservanti
Omorovicza Deep Cleansing Mask (50ml),"parfum, alcool, conservanti"
Sukin Oil Balancing + Charcoal Anti-Pollution Facial Masque 100ml,"alcool, ulei esential, conservanti"
La Roche-Posay Hydraphase Intense Masque 50ml,alcool
Peter Thomas Roth Pumpkin Enzyme Mask 150ml,conservanti
AHAVA Single Use Hydration Cream Mask 8ml,"parfum, alcool, conservanti"
Sanctuary Spa 5 Minute Thermal Charcoal Detox Mask 75ml,alcool
Shiseido Benefiance Pure Retinol Express Smoothing Eye Mask x 12 Sachets,"parfum, alcool, conservanti"
Murad Pore Extractor Pomegranate Mask,"parfum, alcool, conservanti"
Holika Holika Skin Rescuer Mask Sheet - Vita C,parfum
BARBER PRO Gentlemen's Sheet Mask Rejuvenating and Hydrating with Anti-Ageing Collagen,"parfum, conservanti"
APIVITA Moisturizing Face Mask - Aloe 50ml,"parfum, ulei esential, conservanti"
Project Lip Mask,"parfum, ulei esential, conservanti"
AHAVA Uplifting & Firming Sheet Mask,"parfum, conservanti"
Antipodes Halo Skin Brightening Facial Mud Mask 75g,"parfum, alcool"
APIVITA Deep Cleansing Face Mask - Green Clay 50ml,"parfum, alcool, ulei esential, conservanti"
L'Oréal Paris Pure Clay Glow Face Mask 50ml,"parfum, conservanti"
The Ordinary Lactic Acid 10% + HA 2% Superficial Peeling Formulation 30ml,fara alergeni majori
The Ordinary Lactic Acid 5% + HA 2% Superficial Peeling Formulation 30ml,fara alergeni majori
The INKEY List Apple Cider Vinegar Acid Peel 30ml,"ulei esential, conservanti"
Elemis Papaya Enzyme Peel 50ml,"parfum, alcool, conservanti"
AHAVA Single Use Facial Renewal Peel 8ml,"ulei esential, conservanti"
PIXI Peel and Polish,"alcool, ulei esential, conservanti"
Elizabeth Arden Visible Difference Peel & Reveal Revitalizing Mask (50ml),"parfum, alcool, ulei esential"
Murad Replenishing Multi-Acid Peel 100ml,fara alergeni majori
Peter Thomas Roth FirmX Peeling Gel 100ml,"ulei esential, conservanti"
Murad Intensive-C Radiance Peel 50ml,ulei esential
Peter Thomas Roth Peptide 21 Amino Acid Exfoliating Peel Pads - 60 Pads,"ulei esential, sulfati, conservanti"
Lancer Skincare Caviar Lime Acid Peel 50ml,"alcool, ulei esential"
Alpha-H Beauty Sleep Power Peel 50ml,"parfum, alcool, conservanti"
Elemis Peptide4 Overnight Radiance Peel 30ml,"parfum, alcool, ulei esential, conservanti"
PIXI Hydrating Milky Peel 80ml,"parfum, conservanti"
Embryolisse Gentle Night Peeling Care Radiance Secret 40ml,"parfum, alcool, ulei esential, conservanti"
Estée Lauder Perfectionist Pro Instant Resurfacing Peel with 9.9% AHAs + BHA,"parfum, alcool, conservanti"
L'Oréal Paris Revitalift Laser Glycolic Peel Pads x 25 Pads,"parfum, alcool, conservanti"
Radical Skincare Express Delivery Enzyme Peel 50ml,"ulei esential, conservanti"
Dermalogica Rapid Reveal Peel,"ulei esential, conservanti"
Radical Skincare Detox Charcoal Enzyme Peel 50ml,"ulei esential, conservanti"
Polaar Northern Light Micro-Peeling Foam 100ml,"parfum, alcool"
Omorovicza Blue Diamond Peel (50ml),"parfum, alcool, conservanti"
VERSO Enzyme Peel 50ml,"parfum, alcool, conservanti"
Natura Bissé Glyco Extreme Peel 30ml,"parfum, alcool, conservanti"
Natura Bissé Tolerance Enzyme Peel 50ml,"parfum, conservanti"
Mavala Skin Vitality Beauty Enhancing Micro-Peel 65ml,"alcool, conservanti"
Goldfaden MD Fresh A Peel Multi Acid Resurfacing Peel 50ml,ulei esential
Manuka Doctor ApiClear Facial Peel 100ml,"parfum, alcool, ulei esential, sulfati, conservanti"
Comfort Zone Sublime Skin Peel Pad (14 Pack),fara alergeni majori
Recipe for Men Peeling Mask,"parfum, alcool, conservanti"
Comfort Zone Essential Peeling 60ml,fara alergeni majori
CeraVe Eye Repair Cream 14ml,"alcool, sulfati, conservanti"
The INKEY List Caffeine Eye Serum 15ml,"alcool, conservanti"
Avène Soothing Eye Contour Cream 10ml,"alcool, sulfati"
Bobbi Brown Extra Eye Repair Cream 15ml,"parfum, alcool, lanolina, conservanti"
Antipodes Kiwi Seed Oil Eye Cream 30ml,alcool
La Roche-Posay Toleriane Ultra Eyes (20ml),fara alergeni majori
Bobbi Brown Hydrating Eye Cream 15ml,"alcool, conservanti"
First Aid Beauty Skin Lab Retinol Eye Cream with Triple Hyaluronic Acid 15ml,"alcool, sulfati, conservanti"
Medik8 Retinol Eye TR Serum 7ml,fara alergeni majori
Clinique All About Eyes Eye Cream 15ml,conservanti
Clinique Moisture Surge Eye 96-Hour Hydro-Filler Concentrate 15ml,conservanti
VICHY Minéral 89 Eyes Hyaluronic Acid +Caffeine 15ml,conservanti
La Roche-Posay Redermic [R] Retinol Eye Cream 15ml,"alcool, conservanti"
Liz Earle Eyebright Soothing Eye Lotion 150ml Bottle,conservanti
PIXI Retinol Eye Cream 25ml,"alcool, conservanti"
Elemis Pro-Collagen Advanced Eye Treatment (15ml),conservanti
L’Oréal Paris Revitalift Filler Renew Eye Cream (15ml),"alcool, conservanti"
Bulldog Age Defence Eye Roll-On 15ml,"alcool, conservanti"
La Roche-Posay Hydraphase Intense Eyes 15ml,fara alergeni majori
Balance Me Wonder Eye Cream 15ml,"alcool, ulei esential"
Medik8 C-Tetra Eye Serum 7ml,ulei esential
Fade Out Advanced Even Skin Tone Eye Defence Cream 15ml,conservanti
Estée Lauder Advanced Night Repair Matrix Synchronized Recovery Eye Concentrate 15ml,conservanti
L'Oréal Paris Dermo Expertise Revitalift Anti-Wrinkle + Firming Eye Cream (15ml),"alcool, conservanti"
DHC Revitalizing Moisture Strip: Eyes - 6 Applications,conservanti
Lancôme Advanced Génifique Eye Care 15ml,"parfum, alcool, conservanti"
La Roche-Posay Hyalu B5 Eyes 15ml,"alcool, conservanti"
Estée Lauder Daywear Eye Cooling Anti-Oxidant Moisture Gel Créme,conservanti
Elemis Pro-Collagen Eye Renewal 15ml,conservanti
Medik8 Advanced Night Eye 15ml,"alcool, conservanti"
GLAMGLOW Bright Eyes Cream 15ml,"alcool, sulfati, conservanti"
PIXI 24K Eye Elixir 10ml,conservanti
Caudalie VineActiv Energizing and Smoothing Eye Cream 15ml,alcool
Murad Resurgence Renewing Eye Cream (15ml),"alcool, ulei esential, conservanti"
La Roche-Posay Pigmentclar Eyes 15ml,"alcool, conservanti"
Avene Gentle Eye Make-Up Remover 125ml,alcool
REN Clean Skincare Keep Young and Beautiful Firm and Lift Eye Cream,"alcool, conservanti"
L'Oréal Paris Gentle Eye Make-Up Remover 125ml,"parfum, sulfati, conservanti"
DECLÉOR Jasmine Eye Cream 15ml,"alcool, conservanti"
Dermalogica Multivitamin Power Firm 15ml,fara alergeni majori
Clinique Repairwear Anti-Gravity Eye Cream 15ml,"alcool, sulfati, conservanti"
First Aid Beauty Eye Duty Triple Remedy Overnight Balm (15ml),"alcool, conservanti"
Lumene Nordic Hydra [Lähde] Purity Dew Drops Hydrating Eye Gel 15ml,"sulfati, conservanti"
L'Oréal Paris Absolute Eye and Lip Make-Up Remover 125ml,fara alergeni majori
Elemis Peptide Eye Recovery Cream 15ml,conservanti
Goldfaden MD Bright Eyes Dark Circle Radiance Concentrate 15ml,"alcool, ulei esential, conservanti"
L'Oréal Men Expert Hydra Energetic Cooling Eye Roll-On (10ml),conservanti
Clinique Pep Start Eye Cream 15ml,conservanti
Lancôme Rénergie Multi-Lift Eye Cream 15ml,"parfum, alcool, conservanti"
Bulldog Energising Eye Roll On 15ml,conservanti
Avène Refreshing Eye Contour 15ml,sulfati
Manuka Doctor ApiNourish Age-Defying Eye Cream 15ml,conservanti
VICHY Aqualia Thermal Eye Awakening Balm (15ml),conservanti
DECLÉOR Hydra Floral Everfresh Hydrating Wide-Open Eye Gel,alcool
Medik8 Eyelift Peptides 15ml,"alcool, sulfati, conservanti"
Shiseido Exclusive Ultimune Eye Power Infusing Eye Concentrate 15ml,"parfum, alcool, conservanti"
Dermalogica Total Eye Care 15ml,"alcool, ulei esential, conservanti"
Dermalogica Intensive Eye Repair (15ml),"alcool, conservanti"
benefit It's Potent Brightening Eye Cream 14g,"alcool, conservanti"
DECLÉOR Prolagène Lift Lavandula Iris - Lift and Firm Eye Care 15ml,"alcool, conservanti"
Skin Doctors Instant Eyelift (10ml),"alcool, sulfati"
Instant Effects Instant Eye Lift,"alcool, conservanti"
Aesop Parsley Seed Anti-Oxidant Eye Serum 15ml,"alcool, conservanti"
Murad Essential C Eye Cream SPF15 15ml,"alcool, conservanti"
Medik8 r-Retinoate Day and Night Eye Serum 15ml,alcool
Origins GinZing Refreshing Eye Cream to Brighten and Depuff On-the-Go 10ml,"alcool, conservanti"
Estée Lauder Resilience Multi-Effect Tri-Peptide Eye Crème 15ml,"parfum, alcool"
SVR Palpebral by Topialyse Eye Cream 15ml,alcool
Liz Earle Superskin Eye Cream 15ml,conservanti
bareMinerals Ageless Genius Firming and Wrinkle Smoothing Eye Cream 15g,"alcool, conservanti"
Clinique for Men Super Energizer Anti-Fatigue Depuffing Eye Gel 15ml,"ulei esential, conservanti"
Clinique Naturally Gentle Eye Make-Up Remover 75ml,conservanti
Ultrasun SPF30+ Eye Cream (15ml),alcool
Zelens Triple Action Advanced Eye Cream,"parfum, conservanti"
Clinique Superdefense SPF20 Age Defense Eye Cream 15ml,"alcool, conservanti"
KLORANE Eye Make-Up Remover with Organically Farmed Cornflower 200ml,alcool
Peter Thomas Roth Retinol Eye Care 15ml,"alcool, conservanti"
Clinique Rinse-Off Eye Makeup Solvent 125ml,conservanti
Sukin Purely Ageless Eye Cream 20ml,"alcool, ulei esential, conservanti"
SkinCeuticals A.G.E. Eye Complex Cream 15ml,conservanti
Benton Fermentation Eye Cream 30g,alcool
Estée Lauder Take It Away Gentle Eye and Lip Longwear Makeup Remover 100ml,fara alergeni majori
Sarah Chapman Lash Boosting Eye Cleanse 70ml,parfum
Sanctuary Spa Power Peptide Awakening Eye Serum 15ml,conservanti
Eucerin® Anti-Age Hyaluron-Filler Eye Cream SPF 15 + UVA Protection (15ml),"alcool, conservanti"
RapidEye Firming Wrinkle Smoother 15ml,"alcool, ulei esential, conservanti"
Dermalogica Stress Positive Eye Lift 25ml,"ulei esential, conservanti"
Aesop Parsley Seed Anti-Oxidant Eye Cream 10ml,alcool
SVR Densitium Lifting + Firming Eye Contour Cream -15ml,"parfum, sulfati, conservanti"
Lumene Nordic C [Valo] Bright Eyes All-In-One Treatment 15ml,"alcool, conservanti"
Perricone MD Essential Fx Acyl-Glutathione: Eyelid Lift Serum,"parfum, conservanti"
Natio Ageless Brightening Eye Cream (20g),"alcool, ulei esential, conservanti"
First Aid Beauty 5-in-1 Eye Cream (14.1ml),conservanti
SkinCeuticals AOX+ Eye Gel 15ml,alcool
MAC Fast Response Eye Cream 15ml,conservanti
Dr. Brandt No More Baggage 15g,conservanti
Sukin Eye Serum (30ml),"alcool, conservanti"
VICHY LiftActiv Serum 10 Eyes & Lashes 15ml,"alcool, conservanti"
Perricone MD Cold Plasma Plus Eye Cream 15ml,alcool
REN Clean Skincare Keep Young and Beautiful Instant Brightening Beauty Shot Eye Lift 15ml,conservanti
CeraVe Hydrating Cleanser 236ml,"alcool, sulfati, conservanti"
CeraVe Hydrating Cleanser 473ml,"alcool, sulfati, conservanti"
The Ordinary Squalane Cleanser Supersize Exclusive 150ml,fara alergeni majori
CeraVe Foaming Facial Cleanser 473ml,conservanti
CeraVe Smoothing Cleanser 236ml,conservanti
COSRX Salicylic Acid Daily Gentle Cleanser 170g,parfum
Elemis Pro-Collagen Cleansing Balm 105g,"alcool, ulei esential, conservanti"
FARMACY Green Clean Make Up Meltaway Cleansing Balm 100ml,"ulei esential, conservanti"
La Roche-Posay Effaclar H Hydrating Cleansing Cream (200ml),"parfum, sulfati, conservanti"
La Roche-Posay Effaclar Purifying Cleansing Gel 200ml,"parfum, sulfati, conservanti"
La Roche-Posay Effaclar Cleansing Gel 400ml,"parfum, sulfati, conservanti"
Emma Hardie Moringa Cleansing Balm with Professional Cleansing Cloth 100ml,"alcool, ulei esential, conservanti"
Clinique Take the Day off Cleansing Balm 30ml,conservanti
Clinique Liquid Facial Soap Mild 200ml,"sulfati, conservanti"
Elemis Dynamic Resurfacing Facial Wash 200ml,"parfum, alcool, conservanti"
First Aid Beauty Face Cleanser (142g),"alcool, conservanti"
Garnier Micellar Water Facial Cleanser and Makeup Remover for Sensitive Skin 400ml,fara alergeni majori
Caudalie Duo Foaming Cleanser (2 x 150ml) (Worth £30),parfum
Liz Earle Cleanse & Polish 100ml Pump,"alcool, conservanti"
Garnier Micellar Water Facial Cleanser and Makeup Remover for Sensitive Skin 700ml,fara alergeni majori
Caudalie Vinopure Purifying Gel Cleanser 150ml,fara alergeni majori
Bulldog Original Face Wash 150ml,"ulei esential, conservanti"
Neutrogena Hydro Boost Water Gel Cleanser 200ml,"parfum, sulfati, conservanti"
OSKIA Renaissance Cleansing Gel (100ml),"parfum, alcool"
NIP+FAB Teen Skin Fix Pore Blaster Night Wash 145ml,"parfum, alcool, sulfati, conservanti"
Elemis Superfood Cleansing Wash 150ml,"parfum, alcool, ulei esential, conservanti"
Bioderma Hybrabio H2O 500ml Duo Pack,parfum
La Roche-Posay Toleriane Dermo-Cleanser 200ml,fara alergeni majori
Liz Earle Cleanse & Polish 200ml Tube,"alcool, conservanti"
Origins Checks and Balances Frothy Face Wash 150ml,"alcool, ulei esential"
Avène Cleanance Cleansing Gel 200ml,"parfum, sulfati"
Avene Face Essentials Cleansing Foam 150ml,parfum
Clinique Anti Blemish Solutions Cleansing Foam 125ml,conservanti
Neutrogena® Oil Balancing Facial Wash 200ml,"parfum, ulei esential, sulfati"
Bulldog Oil Control Face Wash 150ml,"parfum, alcool, conservanti"
Eve Lom Cleanser 200ml,"alcool, lanolina"
REN Clean Skincare Rosa Centifolia Cleansing Gel,"parfum, conservanti"
Dr Dennis Gross Alpha Beta Pore Perfecting Cleansing Gel 60ml,"alcool, conservanti"
La Roche-Posay Cicaplast B5 Anti-Bacterial Cleansing Wash 200ml,sulfati
Caudalie Instant Foaming Cleanser (150ml),parfum
COSRX Low pH Good Morning Cleanser 150ml,fara alergeni majori
Aesop Amazing Face Cleanser 200ml,"ulei esential, sulfati"
philosophy Purity One-Step Facial Cleanser 480ml,"parfum, alcool, sulfati, conservanti"
VICHY Normaderm Deep Cleansing Purifying Gel 200ml,"parfum, conservanti"
NIP+FAB Teen Skin Fix Pore Blaster Day Wash 145ml,"parfum, alcool, sulfati, conservanti"
Clinique Liquid Facial Soap Oily Skin Formula 200ml,"sulfati, conservanti"
Clinique Rinse-Off Foaming Cleanser 150ml,conservanti
Avène Gentle Milk Cleanser,"parfum, conservanti"
Bulldog Sensitive Face Wash 150ml,conservanti
Garnier Micellar Gel Face Wash Sensitive Skin 200ml,sulfati
Sukin Foaming Facial Cleanser (125ml),"alcool, ulei esential, conservanti"
Clinique for Men Face Wash 200ml,"sulfati, conservanti"
Neutrogena Pink Grapefruit Medicated Facial Wipes,"parfum, alcool, conservanti"
Murad Clarifying Cleanser 200ml,"parfum, ulei esential, conservanti"
L'Oréal Paris Fine Flowers Cleansing Wash 150ml,sulfati
Clinique Redness Solutions Soothing Cleanser 150ml,conservanti
REN Evercalm™ Gentle Cleansing Milk 150ml,"alcool, ulei esential, conservanti"
Bulldog Original 2-in-1 Beard Shampoo and Conditioner 200ml,parfum
La Roche-Posay Effaclar Micellar Water 200ml,parfum
Murad Age Reform Aha/Bha Exfoliating Cleanser (200ml),"sulfati, conservanti"
Elemis Balancing Lime Blossom Cleanser 200ml,"parfum, alcool, conservanti"
PIXI Glow Tonic Cleansing Gel 135ml,"parfum, ulei esential, conservanti"
Medik8 Pore Cleanse Gel Intense 150ml,conservanti
DHC Face Wash Powder (50g),alcool
bareMinerals Clay Chameleon Transforming Purifying Cleanser 120g,"parfum, alcool, conservanti"
Caudalie Micellar Cleansing Water 400ml ,parfum
Garnier Pure Active 3in1 Charcoal Blackhead Mask Wash Scrub 150ml,"parfum, sulfati, conservanti"
PIXI Vitamin-C Juice Cleanser 150ml,ulei esential
Lancôme Crème Mousse Confort Creamy Foaming Cleanser 125ml,"parfum, conservanti"
Eve Lom Cleanser 100ml,"alcool, lanolina"
PIXI Glow Mud Cleanser 135ml,"parfum, alcool, sulfati, conservanti"
La Roche-Posay Toleriane Foaming Gel Cleanser 150ml,sulfati
Garnier Vitamin Enriched Cleansing Wipes (25 Pack),alcool
Clinique for Men Charcoal Face Wash 200ml,conservanti
Avene Antirougeurs Clean Cleanser 200ml,fara alergeni majori
Lancôme Gel Eclat Express Clarfying Self-Foaming Cleanser 125ml,"parfum, alcool, ulei esential, conservanti"
philosophy Purity One-Step Facial Cleanser 240ml,"sulfati, conservanti"
Bulldog Energising Face Wash 150ml,"parfum, conservanti"
Bobbi Brown Soothing Cleansing Oil 200ml,fara alergeni majori
L'Oréal Paris Fine Flowers Cleansing Cream 200ml,"parfum, conservanti"
Antipodes Hallelujah Lime & Patchouli Cleanser 200ml,"parfum, alcool, ulei esential"
Filorga Foam Cleanser 150ml,"parfum, sulfati, conservanti"
Estée Lauder Nutritious Super-Pomegranate Radiant Energy 2-In-1 Cleansing Foam 125ml,"parfum, conservanti"
Garnier Micellar Water Oil Infused Facial Cleanser and Makeup Remover 400ml,"parfum, alcool"
Omorovicza Cleansing Foam Duo,"parfum, conservanti"
VICHY Purete Thermale Fresh Cleansing Gel 200ml,"parfum, conservanti"
Garnier Micellar Water Facial Cleanser and Makeup Remover for Combination Skin 400ml,alcool
Sukin Blemish Control Clearing Facial Wash 125ml,"alcool, conservanti"
Origins GinZing Refreshing Scrub Cleanser 150ml,"ulei esential, conservanti"
L'Oréal Paris Fine Flowers Cleansing Milk 400ml,"parfum, conservanti"
Erno Laszlo Sea Mud Deep Cleansing Bar (100g),parfum
Murad Time Release Blemish Cleanser 200ml,"parfum, alcool, conservanti"
Elemis Sensitive Cleansing Wash 200ml,"parfum, ulei esential, sulfati, conservanti"
Clinique Pep-Start 2-in-1 Exfoliating Cleanser 125ml,"sulfati, conservanti"
Emma Hardie Moringa Light Cleansing Gel 100ml,"parfum, alcool, ulei esential, conservanti"
Caudalie Instant Foaming Cleanser (50ml),parfum
Neutrogena Hydro Boost Cleanser Wipes (25 Wipes),"parfum, conservanti"
Garnier Pure Active Anti Blemish Soap Free Gel Wash Sensitive Skin 150ml,"parfum, alcool, sulfati, conservanti"
Clinique Anti Blemish Solutions Cleansing Gel 125ml,"sulfati, conservanti"
Pai Skincare Light Work Rosehip Cleansing Oil 145ml,ulei esential
The Ordinary Squalane Cleanser 50ml,fara alergeni majori
PIXI Makeup Melting Cleansing Cloths (40 Wipes),"parfum, conservanti"
Gallinée Prebiotic Foaming Facial Cleanser 120ml,parfum
bareMinerals Pure Plush Cleansing Foam,"parfum, ulei esential, conservanti"
ESPA Optimal Skin ProCleanser 100ml,"parfum, ulei esential, conservanti"
NIOD Sanskrit Saponins Cleanser 90ml,conservanti
DECLÉOR Cleansing Milk 200ml,"parfum, alcool, ulei esential, conservanti"
Garnier Pure Active Intensive Anti-Blackhead Charcoal Gel Wash 200ml,"parfum, sulfati"
Gallinée Prebiotic Cleansing Bar 100g,"parfum, alcool"
Neal's Yard Remedies Rehydrating Rose Facial Wash 100ml,alcool
L'Oréal Paris Age Perfect Cleansing Wipes for Mature Skin (25 Wipes),"parfum, alcool, conservanti"
L'Oréal Paris Fine Flowers Sensitive Skin Cleansing Face Wipes x 25,"parfum, alcool, conservanti"
Avene Cold Cream Ultra Rich Cleansing Bar,"parfum, alcool, conservanti"
Estée Lauder Nutritious Micro-Algae Cleansing Bar,fara alergeni majori
Erno Laszlo Phelityl Cleansing Bar (100g),parfum
PIXI Glow Tonic 250ml,"parfum, conservanti"
PIXI Retinol Tonic 100ml,conservanti
La Roche-Posay Effaclar Clarifying Lotion 200ml,"parfum, alcool"
La Roche-Posay Serozinc Toner 50ml,sulfati
Caudalie Supersize Grape Water (200ml),fara alergeni majori
Liz Earle Instant Boost Skin Tonic 200ml Bottle,"parfum, conservanti"
PIXI Retinol Tonic 250ml,conservanti
PIXI Rose Tonic 100ml,conservanti
Avène Gentle Toner 200ml,"parfum, conservanti"
Natio Rosewater & Chamomile Gentle Skin Toner (250ml),"parfum, ulei esential, conservanti"
Clinique Clarifying Lotion 2 200ml,alcool
Clinique Clarifying Lotion 2 400ml,alcool
PIXI Rose Tonic 250ml,conservanti
Gallinée Prebiotic Face Vinegar 200ml,alcool
Sukin Hydrating Mist Toner (125ml),conservanti
Caudalie Grape Water 75ml,fara alergeni majori
La Roche-Posay Soothing Lotion 200ml,parfum
NIP+FAB Salicylic Fix Tonic XXL Extreme 2% 190ml,"parfum, alcool"
PIXI Milky Tonic 100ml,"parfum, alcool, conservanti"
L'Oréal Paris Fine Flowers Cleansing Toner 400ml,"parfum, alcool, conservanti"
Estée Lauder Perfectly Clean Multi-Action Toning Lotion/Refiner 200ml,"parfum, alcool, conservanti"
Clinique Clarifying Lotion 3 200ml,"alcool, conservanti"
Clinique Clarifying Lotion 3 400ml,"alcool, conservanti"
Estée Lauder Micro Essence Skin Activating Treatment Lotion Fresh with Sakura Ferment 200ml,conservanti
Lancôme Tonique Confort Toner 200ml,"parfum, conservanti"
Lancôme Tonique Confort Toner 400ml,"parfum, conservanti"
OSKIA Floral Water Toner 30ml,fara alergeni majori
First Aid Beauty Ultra Repair Wild Oat Soothing Toner 180ml,conservanti
Pai Lotus and Orange Blossom BioAffinity Toner 50ml,ulei esential
Caudalie Moisturising Toner (100ml),parfum
Garnier Organic Thyme Toner 150ml,alcool
DECLÉOR Aroma Cleanse Essential Tonifying Lotion (200ml),"parfum, ulei esential"
NUXE Lotion Tonique Douce - Gentle Toning Lotion (200ml),"parfum, alcool"
REN Clean Skincare Clarimatte Clarifying Toner,"alcool, ulei esential, conservanti"
Sanctuary Spa Daily Glow Radiance Tonic 150ml,"alcool, conservanti"
PIXI Milky Tonic 250ml,"parfum, alcool, conservanti"
GLAMGLOW Supertoner 200ml,"parfum, alcool, conservanti"
OSKIA Floral Water Toner 150ml,fara alergeni majori
Neal's Yard Remedies Rehydrating Rose Toner 200ml,alcool
Pai Skincare Rice Plant and Rosemary BioAffinity Skin Tonic 50ml,ulei esential
Sukin Mist Lavender Toner 125ml,conservanti
Elizabeth Arden Ceramide Purifying Toner (200ml),"alcool, conservanti"
Garnier Natural Rose Water Toner for Sensitive Skin 200ml,"parfum, alcool"
Lancôme Tonique Douceur Toner 200ml,"parfum, alcool, conservanti"
Lancôme Tonique Douceur Toner 400ml,"parfum, alcool, conservanti"
Murad Hydrating Toner 180ml,"parfum, conservanti"
NIP+FAB Vitamin C Fix Tonic 100ml,"parfum, alcool, conservanti"
Peter Thomas Roth Glycolic Acid 8% Toner,"alcool, conservanti"
NIP+FAB Retinol Fix Tonic Extreme 100ml,"parfum, alcool, conservanti"
Darphin Intral Toner (200ml),parfum
Bobbi Brown Extra Treatment Lotion 150ml,"ulei esential, conservanti"
MÁDARA Balancing Toner 200ml,alcool
Natio Rehydrating Toner (200ml),"parfum, ulei esential, conservanti"
A'kin Rose Mist Toner 150ml,fara alergeni majori
The Organic Pharmacy Herbal Toner 100ml,ulei esential
Oh K! SOS PH Balancing Gel Toner,fara alergeni majori
Holika Holika Good Cera Super Ceramide Toner,"alcool, ulei esential"
The Ritual of Namasté Clarifying Facial Toner,alcool
Holika Holika Aloe Soothing Essence 98% Toner,parfum
Mavala Clean & Comfort Caress Toning Lotion 200ml,"parfum, conservanti"
Mavala Pore Detox Perfecting Toning Lotion 200ml,"parfum, alcool, conservanti"
Weleda Refining Toner (100ml),"parfum, alcool, ulei esential"
MÁDARA Clarifying Toner 200ml,alcool
Avant Skincare Proactive Mandelic Acid Restoring and Anti-Pollution Toner 200ml,"parfum, conservanti"
Garnier Natural Aloe Extract Toner for Normal Skin 200ml,"parfum, alcool"
StriVectin Tri-Phase Daily Glow Toner 147ml,"parfum, alcool, conservanti"
Holika Holika Prime Youth Black Snail Repair Toner,"parfum, alcool, conservanti"
AromaWorks Purity Face Toner 100ml,fara alergeni majori
RENU Soft Touch Toner 180ml,"parfum, conservanti"
Holika Holika AC MILD Toner,"parfum, alcool, ulei esential, conservanti"
Embryolisse Eau De Beaute Rosamelis - Flower Waters Toner 50ml,"parfum, ulei esential"
Holika Holika Less On Skin Toner,fara alergeni majori
By Terry Detoxilyn City Essence Toner,"parfum, conservanti"
First Aid Beauty KP Bump Eraser Body Scrub with 10% AHA 226ml,"alcool, conservanti"
Neutrogena Refreshingly Clear Daily Exfoliator 150ml,"parfum, ulei esential, sulfati"
Frank Body Original Coffee Scrub 200g,"alcool, ulei esential"
Clinique 7 Day Scrub Cream Rinse-Off Formula 100ml,"alcool, conservanti"
Liz Earle Gentle Face Exfoliator 70ml Pump,"alcool, conservanti"
Sukin Super Greens Facial Scrub 125ml,"parfum, alcool, ulei esential, conservanti"
Avene Gentle Exfoliating Scrub 75ml,parfum
Frank Body Shimmer Scrub 220g,parfum
Clinique Exfoliating Scrub 100ml,"sulfati, conservanti"
Neutrogena Oil Balancing Daily Exfoliator 150ml,"parfum, ulei esential, sulfati"
Frank Body Coconut Coffee Scrub 200g,"parfum, alcool"
Neutrogena Hydro Boost Exfoliator Smoothing Gel 150ml,"parfum, conservanti"
JASON Brightening Apricot Scrubble (128ml),"parfum, alcool, conservanti"
Frank Body Original Face Scrub Pouch,alcool
Origins Modern Friction™ Exfoliator 75ml,"ulei esential, sulfati, conservanti"
L'Oréal Paris Smooth Sugars Clearing Sugar Scrub 50ml,parfum
Frank Body Peppermint Scrub 200g,alcool
Elizabeth Arden Visible Difference Skin Balancing Exfoliating Cleanser (125ml),"parfum, conservanti"
Sanctuary Spa Complexion Perfecting Radiance Mini Exfoliator 15ml,"ulei esential, conservanti"
ELEMIS Superfood Blackcurrant Jelly Exfoliator 50ml,"parfum, conservanti"
DECLÉOR Phytopeel - Natural Exfoliating Cream (50ml),"ulei esential, conservanti"
Frank Body Lip Scrub 15ml,parfum
NIP+FAB Glycolic Fix Exfoliating Mask 18g,parfum
NYX Professional Makeup This is Everything Lip Scrub,"parfum, alcool, conservanti"
Garnier Pure Active Daily Energising Gel Scrub for Oily Skin 150ml,"parfum, alcool, ulei esential, sulfati"
DECLÉOR 1000 Grain Body Exfoliator (200ml),ulei esential
Frank Body Cacao Coffee Scrub 200g,"parfum, alcool"
L'Oréal Paris Smooth Sugars Glowing Sugar Scrub 50ml,parfum
Mama Mio The Tummy Rub Scrub 180ml,"parfum, alcool, sulfati, conservanti"
Lancôme Confort Hydrating Gentle Sugar Scrub 100ml,parfum
Sukin Energising Body Scrub with Coffee and Coconut 200ml,"parfum, alcool, conservanti"
benefit Smooth It Off 2-in-1 Facial Cleansing Exfoliator ,"parfum, alcool, conservanti"
bareMinerals Poreless Exfoliating Essence 150ml,"ulei esential, conservanti"
Frank Body Creamy Face Scrub 125ml,alcool
Gallinée Prebiotic Face Mask and Scrub 100ml,"parfum, alcool"
Dr Brandt Microdermabrasion Skin Exfoliant (60g),"parfum, alcool, conservanti"
Filorga Scrub and Mask 55ml,"parfum, alcool, sulfati, conservanti"
Sanctuary Spa Complexion Perfecting Radiance Exfoliator 100ml,"ulei esential, conservanti"
Indeed Labs Exfoliator II 75g,conservanti
The Ritual of Namasté Skin Brightening Face Exfoliator,"parfum, alcool"
Natio Gentle Facial Scrub (100g),"parfum, alcool, sulfati, conservanti"
NUXE Fondant Body Scrub (200ml),"parfum, alcool, ulei esential"
DHC Facial Scrub (100g),conservanti
L'Oréal Paris Smooth Sugar Wake-Up Coffee Face and Lip Scrub 50ml,parfum
Oh K! Chok Chok Shimmer Face Scrub,conservanti
Holika Holika Pig Nose Clear Blackhead Cleansing Sugar Scrub,"parfum, alcool, ulei esential, conservanti"
MAC Mineralize Volcanic Ash Exfoliator,"parfum, conservanti"
L'Oréal Paris Smooth Sugars Nourishing Sugar Scrub 50ml,"parfum, conservanti"
Natio Dual Action Cleanser And Exfoliator (100g),"parfum, alcool, ulei esential, sulfati, conservanti"
Polaar Arctic Cotton Gentle Scrub 50ml,"parfum, alcool"
Löwengrip Purify my Skin Facial Scrub 75ml,"parfum, conservanti"
ilapothecary Powerful Purifying Face Scrub 50g,fara alergeni majori
Chantecaille Hibiscus and Bamboo Exfoliating Cream,"alcool, ulei esential, conservanti"
Avant Skincare Velvet Perfecting Rose Sugar Lip Scrub 10ml,"parfum, conservanti"
Löwengrip Advanced Skin Care Cell Renewal Facial Exfoliant 75ml,"parfum, conservanti"
Talika Skintelligence Hydra Face Gentle Scrub 50ml,"alcool, conservanti"
INIKA Phytofuse Renew Caviar Lime Exfoliator,"alcool, ulei esential"
Westlab Epsom Salt 1kg,sulfati
Westlab Epsom Salt 5kg,sulfati
Westlab Dead Sea Salt 1kg,fara alergeni majori
Westlab Dead Sea Salt 5kg,fara alergeni majori
Westlab Epsom Salt 2kg,sulfati
Westlab Sleep Bathing Salts 1kg,"parfum, sulfati"
Westlab Himalayan Salt 1kg,fara alergeni majori
Westlab Recover Bathing Salts 1kg,sulfati
Westlab Mindful Bathing Salts 1kg,"parfum, ulei esential, sulfati"
Westlab Reviving Epsom Salt Bath Fizzer,"parfum, sulfati"
Westlab Relaxing Dead Sea Salt Bath Fizzer,parfum
Westlab Cleanse Bathing Salts 1kg,"parfum, ulei esential, sulfati"
Bubble T Summer Fruits Tea Bath Bomb Fizzers (10 x 8g),"parfum, alcool, sulfati"
Bubble T Bath Fizzer - Hibiscus & Acai Berry Tea 180g,"parfum, ulei esential, sulfati"
Westlab Himalayan Salt 5kg,fara alergeni majori
Westlab Cleansing Himalayan Salt Bath Fizzer,"parfum, ulei esential"
AHAVA Liquid Dead Sea Salt 200ml,ulei esential
Sea Magik Salted Turmeric Serenity Salts 1kg,"ulei esential, sulfati"
Sanctuary Spa Exquisite Bath Salts (Rose Radiance) 350g,parfum
Sea Magik Himalayan Spa Salts 1kg,fara alergeni majori
Bubble T Bath Salts Moroccan Mint Tea 500g,parfum
Bubble T Bath Salts Hibiscus & Acai Berry Tea 500g,"parfum, conservanti"
Ortigia Fico d'India Bath Salts (500g),fara alergeni majori
Sea Magik Epsom Spa Salts 1kg,sulfati
Sea Magik Activated Charcoal Salts 1kg,fara alergeni majori
Sea Magik Epsom Spa Salts 5kg,sulfati
Spa Magik Organiks Sleep Therapy Deep Sleep Lavender Bath Salts,"parfum, ulei esential, conservanti"
Cowshed SLEEP Calming Bath Salts,"parfum, ulei esential"
Mauli Himalayan Healing Salts 460g,"alcool, ulei esential"
Spa Magik Organiks Muscle Therapy Ache Away Eucalyptus Bath Salts,conservanti
L:A BRUKET No. 090 Sea Salt Bath Salt 300g,fara alergeni majori
AHAVA Natural Dead Sea Bath Salts,fara alergeni majori
"L:A BRUKET Marigold, Orange and Geranium Sea Salt Bath 450g",fara alergeni majori
Bubble T Bath Salts Lemongrass & Green Tea 500g,"parfum, ulei esential"
ila-spa Bath Salts for Cleansing 500g,fara alergeni majori
Sea Magik Himalayan Spa Salts 5kg,fara alergeni majori
Westlab Cleansing Shower Wash with Pure Himalayan Salt Minerals 400ml,parfum
Westlab Reviving Shower Wash with Pure Epsom Salt Minerals 400ml,"parfum, sulfati"
AMELIORATE Nourishing Body Wash 200ml,"parfum, ulei esential, conservanti"
Bulldog Lemon & Bergamot Shower Gel 500ml,parfum
Molton Brown Coastal Cypress & Sea Fennel Bath and Shower Gel 300ml,"parfum, alcool, sulfati, conservanti"
Molton Brown Black Peppercorn Body Wash 300ml,"parfum, alcool, sulfati, conservanti"
Bulldog Peppermint & Eucalyptus Shower Gel 500ml,parfum
Molton Brown Delicious Rhubarb and Rose Bath and Shower Gel (300ml),"parfum, alcool, sulfati, conservanti"
Elizabeth Arden White Tea Shower Gel 400ml,"parfum, sulfati, conservanti"
Bulldog Original Shower Gel 500ml,"ulei esential, conservanti"
L'Oréal Paris Men Expert Total Clean Shower Gel 300ml,"parfum, sulfati"
Molton Brown Fiery Pink Bath and Shower Gel 300ml,"parfum, alcool, sulfati, conservanti"
Jo Malone London Lime Basil and Mandarin Soap 100g,"parfum, alcool, conservanti"
ESPA Bergamot and Jasmine Bath and Shower Gel 250ml,"parfum, alcool, ulei esential, sulfati"
Molton Brown Orange & Bergamot Bath and Shower Gel,"parfum, ulei esential, sulfati"
Sanctuary Spa Classic Body Wash 250ml,"parfum, alcool, sulfati, conservanti"
Sukin Botanical Body Wash (500ml),"alcool, ulei esential, conservanti"
Molton Brown Russian Leather Bath & Shower Gel 300ml,"parfum, alcool, sulfati, conservanti"
Burt's Bees Baby Bee Shampoo & Body Wash (236ml),parfum
Bulldog Black Pepper & Vetiver Shower Gel 500ml,parfum
Rituals The Ritual of Sakura Foaming Shower Gel (200ml),"parfum, alcool, sulfati"
Molton Brown Jasmine & Sun Rose Bath & Shower Gel,"parfum, alcool, sulfati, conservanti"
Molton Brown Ylang-Ylang Bath and Shower Gel 300ml,"parfum, alcool, sulfati, conservanti"
Bioderma Atoderm Shower Gel 1L,"parfum, sulfati"
Molton Brown Tobacco Absolute Bath and Shower Gel (300ml),"parfum, alcool, sulfati, conservanti"
La Roche-Posay Lipikar Syndet AP(+) Shower Gel 400ml,sulfati
DECLÉOR Luxury Size Neroli Shower Gel 400ml,"parfum, ulei esential, sulfati"
Bondi Sands Body Wash - Coconut 500ml,"parfum, alcool, conservanti"
Molton Brown Eucalyptus Body Wash,"parfum, alcool, sulfati"
Molton Brown Oudh Accord and Gold Body Wash (300ml),"parfum, alcool, sulfati, conservanti"
Bloom & Blossom George's Candy Floss & Marshmallow Handwash,"parfum, conservanti"
L'Oréal Paris Men Expert Hydra Power Shower Gel 300ml,"parfum, sulfati"
Jo Malone London Lime Basil and Mandarin Body and Hand Wash 100ml,"parfum, conservanti"
Jo Malone London Lime Basil and Mandarin Body and Hand Wash 250ml,"parfum, conservanti"
Aveeno Baby Daily Care Baby Gentle Wash 500ml,parfum
L'Oréal Paris Men Expert Clean Power Shower Gel 300ml,"parfum, alcool, ulei esential, sulfati"
Weleda Baby Calendula Shampoo and Body Wash (200ml),"parfum, alcool"
Bioderma Pigmentbio Brightening Face and Body Cleanser 200ml,"parfum, sulfati"
Aveeno Daily Moisturising Yogurt Body Wash Vanilla & Oat Scented 300ml,"parfum, alcool, sulfati"
Rituals The Ritual of Ayurveda Foaming Shower Gel 200ml,"parfum, sulfati"
Bioderma Atoderm Shower Oil 200ml,parfum
Aveeno Baby Daily Care Hair & Body Wash 500ml,"parfum, conservanti"
Rituals The Ritual of Ayurveda Shower Oil 200ml,"parfum, alcool, sulfati"
L'Oréal Paris Men Expert Cool Power Shower Gel 300ml,"parfum, alcool, sulfati"
Molton Brown Vetiver & Grapefruit Bath and Shower Gel 300ml,"parfum, alcool, sulfati, conservanti"
Jo Malone London Pomegranate Noir Body and Hand Wash 100ml,"parfum, sulfati, conservanti"
Jo Malone London Pomegranate Noir Body and Hand Wash 250ml,"parfum, sulfati, conservanti"
Sanctuary Spa Body Wash 75ml,"parfum, alcool, sulfati, conservanti"
Shea Moisture African Black Soap Soothing Body Wash 384ml,parfum
Jo Malone London Peony and Blush Suede Body and Hand Wash 250ml,parfum
REN Moroccan Rose Otto Body Wash,"ulei esential, conservanti"
L'Oréal Paris Men Expert Hydra Energetic Shower Gel 300ml,"parfum, alcool, sulfati"
ManCave Cedarwood Shower Gel 200ml,"parfum, ulei esential, conservanti"
Aveeno Skin Relief Moisturising Body Wash 500ml,sulfati
Bloom and Blossom The Very Hungry Caterpillar Baby Hair & Body Wash 200ml,"parfum, alcool"
Rituals The Ritual of Happy Buddha Shower Oil 200ml,"parfum, ulei esential, sulfati"
Sanctuary Spa Classic 12 Hour Shower Cream 250ml,"parfum, alcool, sulfati, conservanti"
Aveeno Daily Moisturising Body Wash 300ml,"parfum, sulfati, conservanti"
DECLÉOR Luxury Size Lavender Shower Gel 400ml,"parfum, sulfati"
Pai Skincare Gentle Genius Camellia and Bergamot Body Wash 200ml,ulei esential
REN Clean Skincare Atlantic Kelp and Magnesium Anti-Fatigue Body Wash 300ml - Ocean Plastic,parfum
AMELIORATE Nourishing Body Wash 60ml,"parfum, ulei esential, conservanti"
Bloom & Blossom James' Sweet Peach Handwash,"parfum, conservanti"
Bioderma Atoderm Intensive Foaming Gel 500ml,sulfati
Aesop Animal Body Wash 500ml,"ulei esential, sulfati, conservanti"
ESPA Energising Bath and Shower Gel 250ml,"parfum, sulfati, conservanti"
Molton Brown Bushukan Bath and Shower Gel,"parfum, alcool, ulei esential, sulfati, conservanti"
JASON Soothing Aloe Vera Body Wash 887ml,"parfum, alcool, sulfati"
DECLÉOR Luxury Size Rose Shower Gel 400ml,"parfum, sulfati"
NEOM Tranquillity Body & Hand Wash 250ml,"parfum, alcool, sulfati"
Aveeno Baby Dermexa Moisturising Wash 300ml,conservanti
ManCave Lemon and Oak Shower Gel 200ml,"parfum, ulei esential, conservanti"
Shea Moisture 100% Virgin Coconut Oil Daily Hydration Body Wash 384ml,parfum
JASON Purifying Tea Tree Body Wash 887ml,"parfum, alcool, sulfati"
Molton Brown Milk Musk Bath and Shower Gel 300ml,"parfum, sulfati, conservanti"
Molton Brown Flora Luminare Bath & Shower Gel 300ml,"parfum, sulfati"
Weleda Limted Edition Forest Harmony Shower Wash 200ml,"parfum, alcool"
Shea Moisture Coconut & Hibiscus Illuminating Body Wash 384ml,"parfum, alcool"
Sol de Janeiro Coco Cabana Shower Gel 90ml,"parfum, alcool, conservanti"
Aromatherapy Associates De-Stress Shower Oil 250ml,"parfum, sulfati"
Australian Bodycare Body Wash 500ml,"sulfati, conservanti"
Rituals The Ritual of Karma Shower Oil 200ml,"parfum, alcool, sulfati"
OUAI Body Cleanser 300ml,"parfum, conservanti"
Aromatherapy Associates Rose Shower Oil 250ml,"parfum, alcool, sulfati"
Sukin Botanical Lime & Coconut Body Wash 500ml,"parfum, alcool, conservanti"
Sol de Janeiro Coco Cabana Shower Gel 385ml,"parfum, alcool, conservanti"
Bubble T Shower Gel - Lemongrass & Green Tea 200ml,"parfum, alcool, ulei esential, conservanti"
L:A BRUKET No. 104 Hand & Body Wash 450ml - Bergamot/Patchouli,fara alergeni majori
JASON Glowing Apricot Body Wash 887ml,"parfum, alcool, sulfati"
Elizabeth Arden Green Tea Bath & Shower Gel (200ml),"parfum, sulfati, conservanti"
Jo Malone London Myrrh and Tonka Shower Oil 250ml,"parfum, conservanti"
Elemis Skin Nourishing Shower Cream 300ml,"parfum, alcool, sulfati, conservanti"
Caudalie Soleil des Vignes Shower Gel 200ml,parfum
Weleda Wild Rose Creamy Body Wash (200ml),"parfum, alcool"
NUXE Rêve de Miel Face and Body Ultra-Rich Cleansing Gel (400ml),"parfum, conservanti"
Caudalie Thé des Vignes Shower Gel 200ml,parfum
L:A BRUKET No. 094 Hand & Body Wash 450ml - Sage/Rosemary/Lavender,fara alergeni majori
Elemental Herbology Neroli and Rose Damask Body Wash,ulei esential
Aromatherapy Associates Revive Shower Oil 250ml,"parfum, sulfati"
Elemis Frangipani Monoi Shower Cream 200ml,"parfum, sulfati, conservanti"
Caudalie Thé des Vignes Shower Gel 100ml,parfum
NUXE Fondant Shower Gel (200ml),"parfum, ulei esential, sulfati, conservanti"
philosophy Amazing Grace Shower Gel 480ml,"parfum, alcool, conservanti"
this works Deep Sleep Shower Gel (250ml),"parfum, alcool, conservanti"
Laura Mercier Crème Brûlée Crème Body Wash 200ml,"parfum, sulfati, conservanti"
Bubble T Ice Tea Shower Gel Peach 200ml,"parfum, sulfati, conservanti"
L:A BRUKET No. 069 Hand & Body Wash 450ml - Lemongrass,fara alergeni majori
Aromatherapy Associates Relax Body Wash 250ml,"parfum, ulei esential, conservanti"
ManCave Sensitive Body Wash 200ml,"parfum, conservanti"
Laura Mercier Almond Coconut Body Wash 200ml,"parfum, sulfati, conservanti"
Shea Moisture African Water Mint & Ginger Detox Body Wash 384ml,parfum
Caudalie Rose de Vigne Shower Gel 200ml,parfum
Weleda Kids 2 in 1 Wash 150ml - Happy Orange,"parfum, alcool, ulei esential"
Bubble T Shower Gel - Hibiscus & Acai Berry Tea 200ml,"parfum, ulei esential, sulfati, conservanti"
Bubble T X Pantone Pink Grapefruit & Peony Shower Gel 200ml,"parfum, ulei esential, sulfati, conservanti"
Cowshed RELAX Calming Bath & Shower Gel 300ml,"parfum, alcool"
Balance Me Super Moisurising Body Wash 250ml,"alcool, ulei esential"
Sea Magik Bath Shower Gel 350ml,"parfum, sulfati, conservanti"
SVR Topialyse All-Over Gentle Wash-Off Cleanser -  50ml,"parfum, sulfati"
Rituals The Ritual of Karma Foaming Shower Gel,"parfum, sulfati"
APIVITA Pure Jasmine Mini Shower Gel with Essential Oils 75ml,"parfum, alcool, ulei esential, sulfati"
Bubble T Ice Tea Shower Gel Mango 200ml,"parfum, sulfati, conservanti"
Caudalie Fleur de Vigne Shower Gel 100ml,parfum
Sanctuary Spa Sleep Drift-Off Bath Soak 500ml,"parfum, alcool, sulfati, conservanti"
Neom Perfect Night's Sleep Bath & Shower Oil (10ml),parfum
Sanctuary Spa Foaming Bath Soak 75ml,"parfum, sulfati, conservanti"
Aromatherapy Associates Relax Deep Relax Bath & Shower Oil (55ml),parfum
Weleda Citrus Refreshing Bath Milk (200ml),"parfum, ulei esential"
Burt's Bees Baby Bee Bubble Bath (350ml),parfum
Neal's Yard Remedies Aromatic Foaming Bath 200ml,alcool
Weleda Lavender Relaxing Bath Milk (200ml),alcool
Sanctuary Spa Precious Bath Elixir (Rose Radiance),"parfum, sulfati, conservanti"
Neal's Yard Remedies Soothing Bath Oil 100ml,ulei esential
Neal's Yard Remedies Seaweed and Arnica Foaming Bath 200ml,"alcool, ulei esential"
Aromatherapy Associates De-Stress Muscle Bath & Shower Oil (55ml),parfum
Weleda Rosemary Invigorating Bath Milk (200ml),parfum
Molton Brown Jasmine & Sun Rose Bathing Oil 200ml,"parfum, alcool"
Aromatherapy Associates Revive Morning Bath & Shower Oil (55ml),"parfum, ulei esential"
Aromatherapy Associates De-Stress Mind Bath & Shower Oil (55ml),"parfum, ulei esential"
Aromatherapy Associates Support Equilibrium Bath & Shower Oil (55ml),"parfum, ulei esential"
Molton Brown Orange and Bergamot Radiant Body Oil 100ml,"parfum, ulei esential"
REN Moroccan Rose Otto Bath Oil,parfum
Aromatherapy Associates Support Breathe Bath & Shower Oil (55ml),parfum
Natio Wellness Shower & Bath Gel (275ml),"parfum, sulfati, conservanti"
ilapothecary Beat the Blues Bath and Shower Oil 150ml,ulei esential
Aromatherapy Associates Revive Evening Bath & Shower Oil 55ml,parfum
Aromatherapy Associates Inner Strength Bath & Shower Oil (55ml),"parfum, alcool, ulei esential"
Molton Brown Orange and Bergamot Radiant Bathing Oil 200ml,"parfum, ulei esential"
Aromatherapy Associates Revive Evening Bath & Shower Oil (55ml),parfum
ilapothecary Magnesium and Amethyst Deep Relax Bath Soak 400ml,fara alergeni majori
Little Butterfly London Floating on Clouds Bedtime Bath Milk 250ml,"alcool, ulei esential"
Elemis Life Elixirs Embrace Bath and Shower Elixir 100ml,"parfum, sulfati"
Love Boo Splendidly Soothing Bath Soak (250ml),fara alergeni majori
Elemis Life Elixirs Fortitude Bath and Shower Elixir 100ml,"parfum, sulfati"
Connock London Kukui Oil Soothing Bath & Shower Oil 200ml,parfum
Weleda Baby Calendula Cream Bath (200ml),"parfum, alcool"
